id_sin,mes,coste_siniestro,id_tran
1,6,1015.6,4
2,6,2600,22
3,12,6431.77,31
4,6,2248.72,32
5,7,3653.33,47
6,9,1044.77,65
7,8,1488.96,78
8,8,1217.53,94
9,8,1622.76,101
10,10,1241.1,110
11,1,2951.49,143
12,12,403.82,149
13,8,4115.18,162
14,8,1824.95,170
15,7,2805.03,171
16,8,701.47,172
17,9,1446.06,184
18,6,3583.2,193
19,9,621.33,197
20,6,5620.52,213
21,1,752.84,224
22,6,1622.8,237
23,10,4698.06,238
24,7,4875.73,245
25,10,5327.17,258
26,10,4857.13,263
27,5,6709.87,264
28,6,3717.68,271
29,9,1923.07,273
30,4,2815.44,274
31,9,3166.84,280
32,4,5809.74,282
33,8,5096.32,287
34,8,7288.71,289
35,2,494.89,291
36,4,729.68,302
37,7,5442.6,308
38,11,1682.2,313
39,11,2938,326
40,8,6589.69,357
41,10,811.93,371
42,7,790.36,377
43,12,1923.28,400
44,5,5201.48,405
45,5,160.94,417
46,8,4422.76,418
47,3,2294,419
48,11,536.34,425
49,8,215.25,442
50,12,4785.52,446
51,6,3755.48,454
52,7,933.31,459
53,5,3455.48,460
54,8,1511.82,467
55,11,462.32,471
56,11,1997.4,483
57,10,2630.92,492
58,12,482.73,497
59,3,4128.71,500
60,9,2334.4,510
61,6,749.47,511
62,10,1422.41,516
63,4,2996.71,532
64,8,4667.77,535
65,8,806.62,538
66,10,3391.58,570
67,8,2283.01,583
68,7,1909.23,584
69,5,4103.91,602
70,12,2478.8,608
71,4,140.83,619
72,12,5237.23,625
73,8,6482.29,628
74,11,4110.98,629
75,1,1486.07,637
76,6,6538.18,645
77,4,1838.7,647
78,12,3791.68,652
79,9,132.93,670
80,11,2560.3,684
81,6,1465.91,732
82,6,2404.6,741
83,6,2791.25,744
84,8,2411.58,751
85,9,1229.99,758
86,7,4523.02,759
87,5,6383.73,768
88,3,3340.77,785
89,11,4802.8,787
90,5,4238.12,807
91,2,2981.62,816
92,12,3926.09,817
93,12,1088.99,822
94,12,2178.18,830
95,10,2648.62,836
96,9,5834.67,851
97,10,1508.76,854
98,3,1851.34,882
99,9,3076.07,883
100,6,2686.82,885
101,8,3414.13,887
102,8,1373.34,894
103,11,5489.51,896
104,7,1376.8,901
105,9,5683.86,902
106,8,1335.83,906
107,3,2082.01,917
108,7,933.73,932
109,7,1625.06,936
110,9,4788.85,947
111,4,862.5,949
112,5,3020.24,953
113,3,3903.64,964
114,6,1087.77,965
115,6,3705.06,970
116,9,3868.37,980
117,6,2403.28,984
118,12,3715.43,988
119,9,3246.49,990
120,6,932.01,991
121,9,647.55,1009
122,3,4818.91,1026
123,8,2897.47,1054
124,11,8517.89,1058
125,8,8297.06,1059
126,1,1528.78,1088
127,8,1244.26,1095
128,7,2545,1109
129,10,2954.44,1110
130,10,4930.08,1129
131,5,150.94,1142
132,11,2502.2,1144
133,6,2800.39,1153
134,8,1347.65,1154
135,5,2627.87,1157
136,6,2889.08,1158
137,10,2248.87,1164
138,8,5433.46,1167
139,3,2644.52,1173
140,1,3605.31,1188
141,6,1424.06,1191
142,11,269.91,1215
143,6,2052.92,1247
144,5,437.16,1268
145,8,978.49,1275
146,12,2319.66,1278
147,1,2340.97,1284
148,10,4718.13,1310
149,6,4098.27,1311
150,1,2292.92,1336
151,2,878.84,1378
152,8,1864.76,1383
153,4,1498.78,1393
154,8,2403.72,1400
155,6,3497.84,1416
156,11,2167.68,1433
157,7,595.01,1447
158,12,1212.51,1449
159,9,5694.48,1458
160,8,538.18,1480
161,7,5845.7,1483
162,9,290.77,1488
163,12,470.35,1494
164,4,4402.82,1504
165,10,6971.82,1505
166,9,721.23,1511
167,6,1786,1512
168,5,2489.29,1529
169,9,1530.91,1532
170,7,5183,1536
171,9,1237.55,1554
172,6,5272.54,1559
173,8,3781.48,1566
174,10,878.41,1589
175,12,7815.3,1599
176,8,1422.3,1617
177,10,1538.91,1642
178,7,2215.92,1680
179,9,135.9,1701
180,7,4500.08,1727
181,11,376.25,1731
182,8,1383.86,1734
183,8,869.18,1738
184,10,3399.68,1769
185,5,2771.68,1791
186,10,1550.01,1805
187,1,3859.88,1814
188,9,1756.43,1839
189,9,2945.88,1840
190,7,5261.79,1841
191,7,172,1865
192,8,3090.48,1881
193,12,3249.36,1894
194,11,3657.12,1906
195,7,6442.86,1924
196,7,2783.6,1934
197,7,1894.31,1940
198,8,2674.17,1959
199,10,2397.66,2001
200,4,3793.69,2017
201,8,2256.32,2056
202,8,737.28,2073
203,6,227.63,2093
204,1,3164.2,2097
205,5,1941.73,2104
206,11,4422.41,2107
207,12,1610.72,2120
208,11,2309.35,2155
209,3,1174.34,2162
210,11,1601.66,2229
211,1,1900.51,2231
212,10,3318.58,2233
213,11,2246.5,2250
214,12,2428.45,2258
215,11,2571.18,2286
216,8,155.04,2293
217,9,3664.93,2313
218,9,1937.95,2323
219,8,5276.81,2327
220,7,1302.13,2334
221,12,1496.31,2347
222,5,3349.82,2353
223,7,2397.38,2361
224,7,1167.35,2378
225,5,2803.62,2403
226,8,826.22,2405
227,11,3571.38,2472
228,8,595.15,2484
229,7,1251.87,2495
230,9,217.66,2533
231,8,1271.02,2586
232,8,270.09,2596
233,5,623.71,2597
234,7,2427.55,2604
235,4,2647.61,2629
236,8,723.1,2665
237,9,167.32,2687
238,1,1122.37,2710
239,8,3500.62,2714
240,8,2529.48,2728
241,6,2479.77,2730
242,2,3721.31,2771
243,12,3444.32,2773
244,8,3202.88,2776
245,6,4549.55,2790
246,7,5504.71,2794
247,8,3579.76,2804
248,10,1246.06,2815
249,5,1808.94,2841
250,8,6326.94,2845
251,7,4084.8,2868
252,8,3680.48,2872
253,9,1845.67,2888
254,8,2110.23,2893
255,11,4605.21,2924
256,11,5110.84,2930
257,1,3282.64,2934
258,8,1325.88,2950
259,12,892.07,2960
260,3,3068.17,2961
261,4,2039.12,3015
262,8,3624.53,3047
263,3,5846.36,3064
264,8,1753.86,3098
265,7,1065.31,3122
266,12,4739.62,3125
267,5,254.98,3140
268,4,1818.9,3149
269,10,169.78,3152
270,2,2683.43,3164
271,3,3913.55,3210
272,8,2795.09,3211
273,12,5785.36,3215
274,8,783.17,3238
275,8,2655.65,3252
276,11,711.05,3273
277,10,5008.24,3279
278,5,2573.34,3284
279,5,5431.47,3294
280,11,1652.76,3310
281,3,2457.88,3325
282,10,5302.96,3332
283,8,4505.48,3344
284,9,2852.38,3345
285,9,2760.22,3353
286,7,3463.94,3370
287,8,715.96,3384
288,5,2166.67,3397
289,7,3396.1,3419
290,7,1794.67,3422
291,4,4271.51,3426
292,10,116.47,3428
293,9,2787.57,3437
294,10,5299.08,3445
295,12,5561.44,3453
296,7,624.04,3468
297,8,4470.22,3495
298,8,2016.45,3502
299,7,1039.82,3517
300,6,6116.29,3557
301,7,2429.13,3570
302,4,5783.31,3588
303,5,9630.52,3590
304,8,970.64,3591
305,8,5661.59,3600
306,11,3941.26,3612
307,6,2815.93,3616
308,5,5411.68,3619
309,8,3822.24,3623
310,7,182.93,3625
311,9,1816.35,3627
312,12,1853.94,3650
313,7,3115.98,3658
314,7,7230.6,3686
315,4,972.8,3688
316,9,2223.48,3704
317,12,6782.84,3712
318,2,839.15,3746
319,10,2857.61,3764
320,9,2205.71,3772
321,8,750.03,3774
322,8,7091.52,3776
323,8,1167.44,3784
324,8,2036.08,3820
325,9,4259.02,3821
326,12,1019.27,3825
327,1,863.21,3842
328,10,552.14,3897
329,6,2099.86,3902
330,7,4993.24,3929
331,1,2690.53,3931
332,9,3425.64,3936
333,12,2801.68,3940
334,8,536.36,3955
335,7,2364.72,3958
336,12,1214.81,3973
337,5,3931.79,3975
338,8,1294.09,3979
339,1,4068.5,3987
340,8,8139.59,4019
341,11,1033.65,4035
342,8,3232,4048
343,8,8352.81,4058
344,9,5135.16,4066
345,6,2825.39,4068
346,7,4191.37,4074
347,10,4759.96,4089
348,5,2094.34,4093
349,7,3145.33,4109
350,7,5171.99,4122
351,10,4988.78,4140
352,11,1117.66,4142
353,11,4525.13,4151
354,5,2787.7,4160
355,7,6343.6,4186
356,6,2786.46,4188
357,10,1996.22,4196
358,6,1396.84,4213
359,10,997.05,4219
360,8,579.54,4220
361,12,304.73,4234
362,12,710.28,4251
363,7,1972.65,4269
364,7,4175.34,4272
365,3,819.78,4278
366,11,1924.17,4282
367,8,2685.68,4292
368,2,425.02,4304
369,11,4737.76,4310
370,11,4823.43,4330
371,7,660.54,4334
372,7,338.56,4366
373,6,5893.2,4368
374,10,453.65,4376
375,8,230.43,4380
376,9,1919.45,4381
377,12,1928.72,4395
378,10,2640.99,4412
379,7,2565.73,4417
380,8,785.01,4422
381,8,4584.53,4431
382,6,218.08,4432
383,7,208.51,4452
384,4,3643.26,4458
385,7,2820.09,4472
386,12,3448.25,4491
387,6,3966.42,4494
388,2,5354.52,4496
389,5,1370.64,4506
390,7,1521.49,4529
391,8,1400.02,4553
392,9,156.63,4570
393,8,2815.95,4573
394,9,1364.72,4642
395,12,4037.39,4693
396,8,4884.53,4717
397,8,3167.01,4730
398,9,1861.2,4751
399,3,3273.98,4773
400,9,2768.5,4779
401,9,6424.22,4824
402,10,619.04,4840
403,4,1013.78,4903
404,10,4469.31,4923
405,8,2283.27,4958
406,8,4590.82,4961
407,11,2360.7,4966
408,10,560.72,4978
409,5,7134.09,5006
410,6,1247.52,5016
411,1,6856.51,5031
412,10,4918.09,5072
413,11,2354.7,5091
414,4,3518.38,5098
415,11,205.31,5099
416,8,5134.76,5103
417,10,3001.14,5145
418,12,1748.97,5146
419,8,256.11,5163
420,6,1692.76,5213
421,5,4455.85,5219
422,7,1237.83,5249
423,8,1646.07,5252
424,9,882.51,5279
425,7,512.08,5284
426,11,3797.79,5290
427,9,2989.48,5292
428,9,835.03,5302
429,7,3241.28,5306
430,6,5301.63,5309
431,8,990.75,5318
432,12,3240.07,5337
433,3,4240.84,5340
434,9,880.07,5345
435,8,4657.69,5347
436,8,2988.17,5355
437,7,1616.42,5356
438,5,3253.19,5359
439,12,3314.62,5365
440,6,1145.48,5369
441,8,409.75,5373
442,8,145.83,5378
443,12,1312.99,5383
444,12,2275.5,5399
445,7,1827.3,5408
446,7,1896.23,5424
447,6,1363.74,5436
448,4,3388.07,5458
449,7,5078.61,5474
450,11,3171.97,5478
451,5,788.18,5514
452,8,4545.97,5519
453,9,1501.55,5531
454,8,2882.13,5543
455,3,2493.15,5549
456,7,2142.02,5550
457,10,2823.22,5559
458,12,1278.87,5610
459,8,1709.16,5660
460,8,1166.24,5670
461,9,504.63,5682
462,6,7156.33,5693
463,2,845.55,5724
464,7,6223.77,5733
465,8,6199.41,5748
466,3,3590.85,5768
467,11,4184.97,5769
468,8,971.33,5770
469,9,4895.95,5804
470,8,4009.65,5807
471,9,2897.72,5825
472,6,2901.47,5838
473,8,522.54,5849
474,5,125.61,5853
475,2,1590.41,5854
476,7,2996.03,5857
477,5,730.98,5874
478,8,1783.19,5920
479,6,1711.04,5932
480,5,1383.06,5947
481,8,1433.23,5958
482,9,2479.23,6025
483,6,399.43,6026
484,10,1940.62,6031
485,11,5569.37,6070
486,4,1518.43,6080
487,11,1682.6,6082
488,5,1557.23,6093
489,8,957.66,6094
490,11,1088.62,6114
491,5,1635.56,6126
492,8,2554.71,6166
493,10,2230.82,6168
494,5,750.9,6174
495,7,807.16,6178
496,8,6187.52,6186
497,9,774.19,6197
498,4,1259.2,6209
499,7,4544.16,6224
500,7,4335.68,6235
501,5,4335.25,6239
502,4,4598.12,6276
503,1,1708.36,6285
504,4,4760.66,6290
505,11,4765.48,6295
506,9,2846.95,6311
507,8,3081.73,6313
508,2,5260.28,6336
509,12,6486.28,6337
510,10,6117.83,6351
511,6,3343.8,6354
512,7,1328.1,6363
513,9,535.05,6366
514,8,324.65,6385
515,3,374.77,6397
516,7,453.12,6412
517,10,2938.16,6432
518,7,4870.58,6434
519,12,789.94,6449
520,5,1536.34,6461
521,9,1210.69,6466
522,6,2055.81,6468
523,9,7867.66,6469
524,11,708.82,6483
525,10,6428.44,6486
526,8,1953.24,6487
527,1,934.6,6503
528,5,2768.04,6506
529,8,1928.31,6510
530,10,709.29,6514
531,10,4868.87,6522
532,11,2835.09,6551
533,5,2361.17,6558
534,12,194.8,6562
535,11,3508.58,6576
536,8,445.89,6580
537,3,2472.22,6591
538,8,7567.45,6611
539,1,6541.76,6613
540,12,4599.71,6618
541,1,1856.26,6622
542,7,567.08,6634
543,11,4783.71,6647
544,11,3565.89,6649
545,2,3372.82,6665
546,7,1631.01,6681
547,5,5196.13,6684
548,8,2348.63,6710
549,2,1289.58,6711
550,9,339.93,6722
551,8,523.71,6726
552,9,4223.13,6729
553,11,1451.33,6739
554,6,5750.05,6747
555,1,4857.08,6749
556,5,6001.58,6755
557,8,2443.09,6759
558,8,222.07,6764
559,6,2464.29,6773
560,11,2603.65,6786
561,8,3889.28,6821
562,11,2912.24,6825
563,9,357.44,6838
564,5,1988.52,6858
565,1,2097.78,6866
566,8,3719.14,6880
567,9,2957.78,6885
568,8,3464.93,6888
569,12,6699.36,6897
570,6,2430.71,6920
571,8,1532.45,6935
572,10,5187.95,6939
573,6,3326.64,6944
574,9,664.1,6947
575,6,7001.19,6951
576,3,4285.86,6962
577,8,3938.56,6966
578,7,3807.33,6968
579,12,1187.14,6970
580,8,3140.73,6972
581,7,3183.31,7000
582,5,1443.36,7003
583,9,4525.87,7009
584,10,2281.93,7025
585,7,995.3,7040
586,9,3622.73,7043
587,7,7014.48,7051
588,10,1141.49,7053
589,11,1250.72,7055
590,8,4318.16,7081
591,11,5599.11,7086
592,9,1369.94,7098
593,9,4724.49,7099
594,4,545.57,7105
595,12,2435.63,7115
596,8,5306.8,7117
597,7,1980.95,7121
598,6,3771.89,7124
599,9,2109.56,7168
600,12,6049.48,7173
601,4,3756.39,7183
602,4,3572.36,7186
603,9,957.67,7188
604,6,2501.47,7193
605,3,6904.89,7198
606,1,1776.74,7213
607,8,3228.37,7223
608,9,331.66,7245
609,7,4303.04,7252
610,10,4482.24,7263
611,9,3030.54,7276
612,8,1696.23,7291
613,12,3861.3,7313
614,8,1696.04,7320
615,7,1656.66,7322
616,7,7338.66,7335
617,12,2677.81,7338
618,10,5215.21,7353
619,4,418.91,7355
620,9,2014.84,7361
621,7,659.92,7370
622,11,2885.83,7385
623,8,522.52,7392
624,6,275.81,7404
625,6,1919.8,7411
626,9,2401.36,7415
627,5,1389.36,7427
628,12,6231.36,7455
629,4,1107.44,7459
630,9,3152.99,7461
631,11,2911.85,7477
632,8,335.37,7487
633,5,1811.13,7498
634,7,2186.56,7512
635,4,928.74,7516
636,7,2763.72,7520
637,7,2814.03,7535
638,8,933.09,7538
639,11,2079.71,7547
640,6,1338.02,7553
641,7,1474.14,7568
642,12,611.28,7585
643,7,1894.66,7603
644,3,1785.22,7617
645,8,2618.53,7619
646,5,1932,7655
647,12,6372.94,7663
648,6,2795.74,7667
649,8,3899.01,7674
650,8,519.11,7685
651,3,3552.69,7687
652,8,4182,7691
653,8,7753.33,7693
654,6,883.66,7705
655,10,1177.03,7708
656,11,2289.08,7752
657,11,4054.76,7764
658,6,427.25,7776
659,5,949.99,7784
660,7,1364.17,7785
661,6,1498.1,7788
662,8,3453.43,7797
663,10,3422.17,7811
664,11,4383.95,7829
665,12,4780.89,7834
666,5,7821.41,7858
667,12,488.44,7864
668,8,1994.8,7877
669,5,727.13,7905
670,9,1495.47,7938
671,8,3567.97,7950
672,8,4896.57,7955
673,9,1766.25,7961
674,7,5973.33,7966
675,4,3874.66,7973
676,12,1784.45,7977
677,5,2726.12,8004
678,11,2739.13,8005
679,3,3095.91,8007
680,10,2739.8,8015
681,7,952.92,8016
682,9,2637.67,8050
683,12,4460.93,8058
684,7,1816,8069
685,2,1888.09,8112
686,6,1605.31,8113
687,2,2203.87,8116
688,10,2141.06,8149
689,8,1295.58,8151
690,9,4574.1,8158
691,6,4532.42,8180
692,4,2600.71,8233
693,5,341.68,8234
694,10,3270.48,8262
695,8,495.85,8263
696,7,2566.52,8264
697,10,5656.6,8266
698,9,1121.57,8284
699,9,656.76,8296
700,12,3185.58,8304
701,8,2634.22,8312
702,11,2620.06,8323
703,6,1396.7,8339
704,11,5361.08,8340
705,10,1219.9,8341
706,7,6789.73,8352
707,12,162.95,8355
708,8,8982.61,8364
709,4,6093.7,8379
710,3,1463.84,8380
711,8,3179.93,8389
712,8,2021.78,8398
713,7,4981.28,8401
714,9,555.75,8403
715,10,1083.64,8409
716,11,2042.89,8423
717,11,6099.35,8431
718,3,1629.55,8444
719,8,2602.89,8462
720,5,1843.81,8493
721,11,940.27,8500
722,11,4675.21,8534
723,7,2729.5,8538
724,2,2349.29,8539
725,7,1898.49,8548
726,8,2901.86,8550
727,5,5547.03,8551
728,8,3040.01,8561
729,9,3027.98,8562
730,9,4023.11,8564
731,9,2873.61,8565
732,6,1410.43,8566
733,10,1138.34,8602
734,9,3923.09,8624
735,9,133.36,8627
736,3,2004.59,8631
737,11,3173.25,8649
738,6,2555.53,8653
739,11,1673.81,8669
740,10,3782.31,8672
741,6,3542.94,8681
742,3,2565.23,8684
743,4,1414.96,8696
744,7,3771.57,8708
745,3,923.73,8718
746,11,2058.37,8752
747,8,1935.18,8757
748,8,1138.42,8768
749,9,2844.86,8783
750,8,1606.99,8786
751,8,413.31,8814
752,7,2498.3,8821
753,6,8815.43,8838
754,4,3557.39,8841
755,11,6265.82,8852
756,6,5668.73,8857
757,12,1653.74,8867
758,11,1406.08,8876
759,1,1453.17,8881
760,1,3308.22,8886
761,8,3266.47,8903
762,6,1784.42,8905
763,2,5434.85,8907
764,4,8057.13,8917
765,10,3859.22,8920
766,11,781.46,8924
767,6,119.35,8929
768,7,3686.29,8931
769,9,2044.64,8932
770,8,877.69,8933
771,5,2841.37,8939
772,7,4187.31,8953
773,2,608.26,8957
774,3,3765.07,8961
775,1,1500.9,8966
776,9,3166.08,8968
777,7,2294.8,8984
778,6,4116.63,8994
779,11,2059.78,8995
780,10,1441.04,9002
781,10,3729.55,9032
782,10,801.54,9039
783,5,2734.8,9051
784,10,416.18,9052
785,9,338.24,9072
786,1,670.13,9082
787,12,4167.65,9084
788,10,6817.03,9109
789,7,2235.33,9120
790,6,6721.96,9125
791,8,382.33,9126
792,8,655.24,9150
793,5,232.74,9185
794,8,2994.2,9191
795,3,783.02,9195
796,9,2486.02,9199
797,2,5850.82,9223
798,7,1112.35,9225
799,7,2579.31,9256
800,10,3616.64,9289
801,3,1726.86,9301
802,4,3759.01,9303
803,10,187.73,9304
804,8,3258.9,9305
805,11,2458.87,9312
806,6,5135.8,9332
807,6,890.19,9334
808,12,5190.92,9355
809,12,4011.29,9373
810,8,6547.82,9385
811,11,4334.65,9399
812,11,562.68,9408
813,5,1487.56,9411
814,4,3030.72,9432
815,10,467.05,9455
816,8,1956.03,9458
817,12,207.59,9479
818,2,764.64,9481
819,7,269.05,9488
820,8,1783.89,9515
821,8,1588.77,9522
822,7,1051.59,9530
823,8,3918.67,9536
824,5,710.98,9539
825,11,163.33,9549
826,7,4127.55,9562
827,10,3919.51,9567
828,9,6106.81,9581
829,8,4700.93,9583
830,7,3022.47,9597
831,11,1286.9,9603
832,8,969.72,9606
833,2,9017.48,9612
834,7,621.89,9616
835,4,327.87,9624
836,8,1927.95,9633
837,5,4332.56,9638
838,2,741.25,9646
839,1,3508.87,9648
840,6,2720.37,9650
841,1,3240.7,9653
842,6,1314.7,9658
843,7,2077.12,9661
844,5,1558.48,9666
845,9,129.57,9684
846,12,245.49,9686
847,7,5235.46,9692
848,4,2101.83,9708
849,8,5707.03,9713
850,5,1248.94,9721
851,9,5744.26,9723
852,12,1420.76,9727
853,8,3450.53,9731
854,8,3212.02,9737
855,6,1527.68,9739
856,11,1923.77,9743
857,5,6113.96,9751
858,9,2073.37,9754
859,7,3686.3,9755
860,9,2354.49,9763
861,6,1555.25,9769
862,11,9413.39,9773
863,8,3463.44,9786
864,9,619.87,9804
865,8,8071.44,9820
866,9,1092.6,9829
867,12,885.71,9858
868,10,393.21,9869
869,4,128.47,9903
870,6,5846.46,9908
871,9,243.58,9927
872,12,677.43,9938
873,5,2190.54,9953
874,9,10902.7,9959
875,3,1564.46,9964
876,4,1831.61,9984
877,11,2504.04,9986
878,10,1206.67,9989
879,7,4239.92,9999
880,7,2908.95,10003
881,11,2370.81,10009
882,11,6584.84,10020
883,5,1581.46,10030
884,5,887.03,10034
885,9,3185.89,10037
886,7,2280.02,10058
887,8,6756.11,10069
888,9,370.91,10070
889,7,571.76,10078
890,9,744.32,10100
891,9,3602.09,10101
892,11,220.68,10102
893,9,938.45,10117
894,6,1733.35,10122
895,7,1992.58,10175
896,6,6724.43,10178
897,12,3374.83,10192
898,2,3149.08,10213
899,12,2459.72,10220
900,11,2614.23,10221
901,5,2357.52,10228
902,4,5904.49,10236
903,8,2224.6,10247
904,1,2437.45,10253
905,11,529.01,10259
906,2,1832.87,10274
907,7,4797.9,10290
908,9,4846.63,10302
909,10,713.04,10308
910,6,4876.67,10315
911,2,2637.3,10319
912,9,1691.9,10344
913,12,2808.4,10346
914,8,4257.94,10356
915,7,4740.91,10372
916,6,1625.5,10389
917,7,2373.73,10390
918,6,2517.72,10391
919,8,1112.36,10403
920,7,7759.68,10407
921,8,3583.56,10408
922,10,3841.33,10421
923,5,3168.19,10440
924,4,5345.82,10463
925,8,905.18,10465
926,8,713.48,10472
927,12,2839.56,10483
928,8,1391.1,10514
929,5,9797.18,10535
930,1,1572.08,10537
931,8,3317.89,10538
932,4,1241.35,10566
933,10,740.5,10587
934,6,1377.84,10610
935,8,3882.15,10612
936,8,1421.84,10630
937,9,174.95,10641
938,8,2346.59,10651
939,2,4068.73,10670
940,8,4483.39,10695
941,7,2512.66,10701
942,3,3639.22,10706
943,8,2823.01,10713
944,3,643.02,10714
945,5,2647.54,10730
946,7,2599,10732
947,8,2855.64,10747
948,4,1214.99,10771
949,8,3499.3,10772
950,10,3994.91,10779
951,8,187.71,10784
952,12,729.68,10822
953,12,2820.02,10841
954,8,8364.85,10850
955,3,928.74,10859
956,4,1700.83,10862
957,7,8865.71,10863
958,9,1938.91,10877
959,8,1208.65,10879
960,11,2384.29,10884
961,10,880.39,10890
962,3,1308.52,10896
963,7,1085.53,10897
964,9,2335.07,10907
965,6,2651.02,10920
966,6,5992.9,10929
967,5,2918.72,10933
968,3,354.64,10934
969,5,376.84,10944
970,8,379.35,10950
971,9,3266.67,10969
972,8,1237.29,10980
973,9,2512.94,10982
974,3,2258.78,10983
975,12,5493.27,10984
976,12,1528.04,10986
977,4,1750.22,11025
978,8,478.61,11026
979,9,480.41,11028
980,5,4698.56,11029
981,11,309.15,11031
982,8,6349.6,11035
983,7,4843.51,11036
984,7,4343.34,11074
985,12,4158.49,11082
986,10,2239.82,11093
987,5,2107.93,11094
988,6,1491.06,11102
989,8,2860.31,11118
990,7,974.94,11120
991,10,324.36,11122
992,4,4073.61,11123
993,6,2019.6,11124
994,7,554.25,11131
995,7,8440.49,11132
996,5,681.33,11137
997,3,3632.5,11153
998,3,3498.49,11161
999,8,6246.3,11166
1000,11,2375.82,11170
1001,6,5498.25,11189
1002,8,1783.98,11209
1003,9,4424.45,11234
1004,6,2041.23,11262
1005,7,2191.41,11267
1006,6,729.22,11275
1007,4,5334.47,11280
1008,7,3113.47,11283
1009,9,3204.68,11285
1010,8,3179.13,11291
1011,7,2427.29,11304
1012,7,2736.74,11319
1013,7,978.25,11327
1014,8,386.74,11341
1015,3,909.44,11342
1016,10,528.21,11346
1017,8,4187.41,11351
1018,8,5163.95,11357
1019,11,706.55,11365
1020,11,3106.75,11366
1021,1,5608.2,11368
1022,6,6271.68,11381
1023,12,2064.31,11403
1024,4,2600.74,11404
1025,8,302.33,11411
1026,2,2008.37,11413
1027,12,3249.86,11420
1028,6,3781.97,11422
1029,2,816.18,11428
1030,12,828.44,11444
1031,5,1188.88,11470
1032,8,1174.23,11499
1033,6,616.19,11513
1034,6,4736.43,11517
1035,9,2689.58,11523
1036,9,3326.49,11525
1037,10,2822.52,11532
1038,11,3244.42,11552
1039,4,4527.54,11553
1040,8,1342.88,11554
1041,6,3808.34,11560
1042,7,2022.77,11562
1043,10,3324.65,11570
1044,3,982.73,11573
1045,8,1041.9,11608
1046,3,2369.83,11627
1047,8,257.32,11629
1048,11,2075.97,11630
1049,6,1417.61,11638
1050,4,2420.41,11640
1051,3,3294.46,11654
1052,11,7056.91,11659
1053,11,6207.87,11662
1054,8,1978.06,11672
1055,11,4812.53,11675
1056,10,131.31,11676
1057,8,2266.17,11685
1058,1,882.12,11690
1059,5,2420.15,11699
1060,5,4468.39,11716
1061,4,321.46,11728
1062,12,1749.01,11729
1063,12,3165.32,11731
1064,1,805.45,11737
1065,4,4058.48,11745
1066,10,2907.2,11748
1067,9,4245.93,11751
1068,7,1044.1,11755
1069,6,1128.55,11766
1070,2,963.53,11767
1071,9,1185.74,11768
1072,7,1729.47,11772
1073,5,1116.02,11791
1074,11,1641.37,11805
1075,9,898.38,11807
1076,7,810.88,11827
1077,7,1648.34,11830
1078,8,1018.06,11856
1079,6,3710.89,11862
1080,6,5469.12,11877
1081,8,1197.09,11880
1082,12,5016.25,11881
1083,9,2516.11,11891
1084,3,780.99,11894
1085,2,1551.31,11911
1086,7,3243.05,11916
1087,3,603.44,11927
1088,9,1130.72,11941
1089,11,6606.87,11944
1090,4,774.24,11952
1091,4,5715.32,11967
1092,9,4007.33,11968
1093,12,3125.26,11992
1094,9,2097.08,12000
1095,10,3594.06,12033
1096,8,638.22,12057
1097,6,3813.79,12100
1098,7,5485.14,12117
1099,6,3412.51,12120
1100,5,4459.05,12137
1101,7,3204.46,12144
1102,9,5145.09,12150
1103,1,3413.94,12153
1104,11,2109.83,12174
1105,6,2782.9,12179
1106,8,217.73,12194
1107,8,3046.26,12198
1108,8,1732.61,12206
1109,4,364.46,12230
1110,7,1240.23,12243
1111,12,4317.87,12244
1112,5,6015.02,12247
1113,9,3862.66,12261
1114,11,1913.84,12266
1115,8,1663.65,12268
1116,8,1080.43,12280
1117,12,4394.92,12292
1118,11,2075.3,12293
1119,9,725.53,12294
1120,12,1837.94,12295
1121,8,4113.6,12313
1122,8,4823.86,12317
1123,6,3670.11,12320
1124,9,762.96,12322
1125,5,2889.8,12323
1126,6,5545.42,12326
1127,8,1497.93,12333
1128,6,8092.61,12346
1129,4,1291.67,12356
1130,10,3430.8,12357
1131,5,4620.22,12366
1132,2,8951.47,12387
1133,8,1513.05,12392
1134,8,6008.46,12393
1135,8,4207.98,12399
1136,12,3648.04,12400
1137,9,3528.99,12402
1138,4,288.59,12414
1139,9,1263.99,12418
1140,11,2435.57,12421
1141,6,1470.7,12432
1142,3,1206.4,12440
1143,4,3036.29,12445
1144,11,4649.8,12449
1145,10,146.19,12451
1146,2,840.59,12454
1147,9,1080.87,12456
1148,8,803.37,12462
1149,7,858.69,12471
1150,12,523.61,12473
1151,11,3348.4,12474
1152,6,113.36,12478
1153,8,883.24,12479
1154,9,2370.34,12492
1155,7,4850.56,12503
1156,8,707.26,12507
1157,9,3997.41,12514
1158,8,2183.33,12521
1159,12,2546.65,12524
1160,6,4020.58,12525
1161,11,3473.28,12541
1162,6,993.11,12556
1163,3,224.59,12595
1164,4,2717.03,12597
1165,10,566.13,12602
1166,4,1394.74,12619
1167,7,1325.52,12622
1168,9,5471.06,12648
1169,6,1235.05,12649
1170,9,1987.87,12651
1171,6,770.31,12656
1172,12,2130.59,12665
1173,10,844.98,12686
1174,9,5322.48,12690
1175,4,4614.44,12693
1176,4,5383.45,12697
1177,6,346.79,12702
1178,8,700.19,12708
1179,12,385.13,12710
1180,7,1943.73,12712
1181,8,1432.75,12731
1182,8,1382.22,12737
1183,9,591.01,12747
1184,12,4420.98,12761
1185,9,2011.73,12771
1186,8,3300.99,12788
1187,5,1344.83,12793
1188,5,4694.64,12797
1189,10,977.57,12800
1190,6,1372.28,12801
1191,10,1833.35,12807
1192,11,5056.27,12808
1193,7,5817.97,12820
1194,12,5730.05,12851
1195,5,6585.02,12854
1196,6,2365.09,12857
1197,12,2099.71,12864
1198,6,260.78,12869
1199,12,2354.18,12873
1200,8,3896.36,12876
1201,5,631.37,12886
1202,4,1544.02,12888
1203,7,1854.52,12900
1204,10,2801.02,12901
1205,8,1995.45,12904
1206,3,1487.7,12949
1207,11,2644.19,12955
1208,4,3052.43,12957
1209,7,3512.99,12958
1210,6,5527.75,12962
1211,9,523.04,12969
1212,8,7421.14,12972
1213,12,1103.18,12980
1214,5,1895.19,12989
1215,9,2772.76,12991
1216,12,660.2,12996
1217,8,1787.82,13013
1218,7,6776.42,13017
1219,12,4723.1,13041
1220,10,1166.33,13043
1221,11,1415.17,13054
1222,2,2809.61,13060
1223,3,2728.75,13061
1224,9,5086.89,13082
1225,3,1205.79,13092
1226,9,7441.15,13097
1227,9,570.6,13104
1228,11,981.92,13117
1229,8,3085.4,13120
1230,4,2113.8,13141
1231,7,5134.14,13146
1232,10,3137.32,13148
1233,10,2373.91,13153
1234,7,1004.28,13157
1235,8,1898.39,13161
1236,3,7504.32,13170
1237,8,3630.69,13180
1238,9,4133.76,13186
1239,5,6178.29,13199
1240,8,4201.78,13211
1241,10,1351.32,13214
1242,10,288.45,13219
1243,10,188.82,13226
1244,7,1501.23,13236
1245,12,3334.4,13243
1246,7,2763.48,13245
1247,11,195.45,13258
1248,2,2119.14,13275
1249,6,8741.37,13282
1250,4,4144.16,13284
1251,6,1005.23,13310
1252,11,1066.03,13328
1253,4,4903.2,13339
1254,12,3719.45,13360
1255,5,171.48,13381
1256,9,2170.67,13383
1257,5,1732.41,13384
1258,5,137.09,13385
1259,8,1119.41,13388
1260,10,2491.84,13394
1261,8,2223.5,13396
1262,8,7085.58,13398
1263,9,1671.58,13399
1264,7,3149.48,13419
1265,10,5458.95,13429
1266,4,5463.28,13437
1267,7,1254.57,13448
1268,6,1924.58,13457
1269,11,1841,13474
1270,6,3602.8,13476
1271,1,192.98,13493
1272,10,1108.01,13513
1273,5,914.79,13522
1274,12,4494.33,13532
1275,10,2026.41,13543
1276,8,1625.57,13549
1277,8,3417.61,13581
1278,10,2438.54,13603
1279,8,980.7,13666
1280,11,2646.95,13678
1281,7,504,13731
1282,6,788.23,13734
1283,12,833.88,13736
1284,8,2453.63,13748
1285,7,5812.55,13764
1286,10,2615.32,13770
1287,5,2186.15,13773
1288,6,6682.02,13788
1289,7,2513.04,13809
1290,8,4091.08,13834
1291,8,2937.39,13854
1292,11,1574.5,13884
1293,1,2545.89,13904
1294,5,3894.22,13918
1295,5,993.88,13923
1296,8,826.74,13951
1297,11,520.49,13954
1298,5,4140.49,13962
1299,9,5338.19,13970
1300,11,549.12,13972
1301,8,2002.71,13979
1302,11,3093.63,13996
1303,12,2679.79,14005
1304,7,926.41,14012
1305,6,1355.69,14013
1306,11,8858.58,14019
1307,3,3701.64,14028
1308,9,3361.04,14091
1309,9,3274.64,14092
1310,12,1593.68,14096
1311,2,2723.97,14098
1312,7,2030.63,14110
1313,4,4260.24,14111
1314,5,2320.13,14128
1315,10,3588.34,14132
1316,11,4020.79,14140
1317,5,6125.55,14148
1318,9,1401.27,14156
1319,7,3438.85,14157
1320,12,1487,14162
1321,7,5985.81,14163
1322,12,2325.95,14165
1323,5,397.89,14167
1324,3,189,14170
1325,2,2778.81,14171
1326,8,9951.23,14172
1327,8,1272.49,14173
1328,8,5246.6,14174
1329,4,1087.45,14177
1330,1,4048.74,14178
1331,8,1927.58,14185
1332,12,2090,14186
1333,8,3047.72,14187
1334,12,3970.87,14188
1335,3,1840.87,14190
1336,6,2499.97,14194
1337,7,370.33,14196
1338,7,2742.47,14198
1339,8,2487.04,14202
1340,7,148.96,14204
1341,6,2722.43,14206
1342,8,1574,14208
1343,8,7216.32,14213
1344,8,2212.75,14218
1345,8,5108.33,14221
1346,7,1750.81,14222
1347,12,4082.03,14224
1348,8,3974.51,14225
1349,3,3776.35,14227
1350,8,1605.84,14230
1351,11,757.64,14233
1352,9,3814.29,14240
1353,9,5237.53,14241
1354,11,4674.62,14243
1355,10,3919.33,14244
1356,8,441.29,14246
1357,6,1256.51,14252
1358,8,849.26,14254
1359,6,208.28,14256
1360,12,1961.54,14257
1361,7,1169.79,14270
1362,9,1240.07,14272
1363,6,6126.61,14276
1364,8,520.71,14278
1365,11,1153.95,14280
1366,6,853.76,14283
1367,10,2158.37,14284
1368,6,1933.72,14285
1369,8,753.03,14286
1370,8,2226.31,14288
1371,4,1124.34,14290
1372,10,4755.75,14291
1373,12,389.94,14304
1374,10,1932.61,14312
1375,11,3175.89,14316
1376,10,1433.33,14317
1377,5,2669.86,14318
1378,12,918.05,14322
1379,5,5857.54,14329
1380,5,1648.81,14331
1381,12,4151.35,14332
1382,8,726.1,14334
1383,7,4518.47,14337
1384,7,5424.92,14338
1385,8,2616.51,14340
1386,10,1090.4,14343
1387,8,390.12,14346
1388,11,1447.21,14349
1389,12,4200.52,14354
1390,11,724.08,14358
1391,11,3010.2,14360
1392,12,6166.66,14362
1393,10,1571.29,14364
1394,7,6469.26,14365
1395,8,4191.17,14369
1396,4,1976.08,14371
1397,4,709.29,14372
1398,6,7207.65,14377
1399,7,304.13,14380
1400,8,1434.76,14382
1401,3,236.8,14383
1402,3,5252.05,14386
1403,6,341.62,14399
1404,8,2914.2,14400
1405,8,1812.93,14407
1406,8,5626.85,14410
1407,3,3276.7,14411
1408,1,3265.92,14412
1409,9,5247.69,14419
1410,10,4154.05,14421
1411,2,10698.21,14422
1412,11,4017.11,14427
1413,8,2325.33,14428
1414,7,4353.08,14430
1415,7,239.59,14435
1416,10,3775.39,14436
1417,7,1164.56,14440
1418,7,490.08,14441
1419,6,2913.08,14448
1420,10,7299.19,14449
1421,8,2158.79,14465
1422,7,1921.27,14467
1423,12,545.21,14469
1424,3,124.16,14475
1425,10,6734.51,14476
1426,10,2496.71,14477
1427,6,1331.54,14478
1428,5,926.99,14480
1429,5,1227.38,14481
1430,1,1296.06,14482
1431,1,5309.4,14483
1432,11,2365.12,14485
1433,10,5329.82,14489
1434,8,3423.9,14492
1435,6,477.24,14493
1436,3,1562.55,14496
1437,8,4208.92,14497
1438,4,815.38,14498
1439,5,5039.37,14502
1440,4,1181.55,14504
1441,11,1742.36,14508
1442,9,148.29,14517
1443,3,1107.08,14518
1444,7,1267.23,14519
1445,7,481.11,14520
1446,1,2935.72,14525
1447,1,2660.46,14527
1448,10,4773.91,14531
1449,4,4415.45,14534
1450,8,4212.35,14537
1451,8,4339.93,14542
1452,9,2127.27,14544
1453,6,3086.81,14551
1454,11,2648.23,14554
1455,7,6635.86,14558
1456,8,3469.26,14563
1457,8,2485.57,14564
1458,10,3457.61,14565
1459,11,4910.44,14567
1460,9,2929.66,14568
1461,10,329.78,14573
1462,5,3940.68,14578
1463,4,1914.72,14579
1464,6,6150.41,14581
1465,8,4229.54,14586
1466,1,1952.87,14590
1467,8,2832.76,14591
1468,12,1024.22,14592
1469,5,2533.83,14593
1470,4,3220.97,14595
1471,10,788.21,14598
1472,9,2999.25,14599
1473,11,497.71,14601
1474,8,2058.01,14603
1475,5,3717.26,14604
1476,10,2244.09,14606
1477,5,2363.51,14608
1478,8,4947.46,14611
1479,8,2758.27,14613
1480,12,404.71,14616
1481,9,1008.09,14620
1482,11,2012.13,14634
1483,8,3700.6,14635
1484,8,1403.14,14640
1485,8,3362.29,14642
1486,11,3689.86,14651
1487,8,641.25,14653
1488,8,652.44,14654
1489,1,5822.34,14656
1490,6,4749.21,14660
1491,7,4920.87,14661
1492,5,2409.97,14662
1493,12,4543.47,14663
1494,8,1352.08,14665
1495,6,3869.68,14669
1496,11,2386.42,14672
1497,8,582.81,14676
1498,5,1024.61,14678
1499,7,880.73,14687
1500,5,1308.36,14692
1501,7,4087.63,14695
1502,9,2816.11,14696
1503,9,4113.2,14698
1504,6,2143.89,14699
1505,9,1468.84,14702
1506,11,2977.51,14704
1507,4,1952.57,14705
1508,4,1465.03,14710
1509,7,956.16,14711
1510,8,2647.47,14713
1511,11,1040.83,14717
1512,11,2116.22,14718
1513,6,2757.03,14720
1514,11,1666.66,14722
1515,12,4620.54,14723
1516,9,679.62,14724
1517,5,1923.38,14731
1518,3,2845.77,14732
1519,5,6574.26,14734
1520,4,5160.4,14735
1521,12,2273.48,14738
1522,7,2420.67,14740
1523,5,1850.95,14746
1524,5,2346.34,14749
1525,5,5222.57,14753
1526,8,3807.09,14754
1527,9,2273.67,14758
1528,10,2381.7,14759
1529,6,2349.79,14761
1530,4,1088.87,14764
1531,8,1700.37,14765
1532,9,794.91,14768
1533,3,2024.6,14769
1534,9,4583.34,14775
1535,4,826.84,14796
1536,9,1605.54,14801
1537,12,2779.32,14802
1538,7,424.07,14811
1539,9,7300.75,14835
1540,8,1359.58,14851
1541,4,3929.65,14857
1542,9,4249.21,14872
1543,1,3413.5,14873
1544,2,5373.4,14876
1545,10,2644.68,14891
1546,8,738.89,14894
1547,8,4330.11,14907
1548,10,102.82,14915
1549,12,2056.85,14922
1550,12,5101.73,14923
1551,8,1248.16,14939
1552,7,5199.16,14953
1553,8,2810.52,14967
1554,5,1124.29,14973
1555,10,1016.74,14978
1556,5,5227.76,14981
1557,9,1689.54,15000
1558,10,4493.65,15021
1559,9,1628.46,15033
1560,7,5513.03,15043
1561,10,458.15,15048
1562,12,1038.54,15060
1563,8,1897.47,15062
1564,5,3234.53,15064
1565,10,5173.07,15067
1566,8,5286.9,15078
1567,6,2390.02,15082
1568,4,3485.7,15098
1569,4,2393.17,15101
1570,1,667.03,15116
1571,6,4989.46,15125
1572,9,559.78,15129
1573,6,4144.67,15136
1574,1,2545.82,15142
1575,8,656.35,15153
1576,7,1734.27,15176
1577,12,4270.46,15177
1578,11,2420.22,15201
1579,8,1427.76,15210
1580,11,2147.62,15213
1581,8,2859.44,15214
1582,3,1585.33,15219
1583,5,180.81,15229
1584,9,2711.6,15230
1585,6,234.6,15247
1586,12,4571.81,15264
1587,1,3317.62,15268
1588,9,2042.05,15276
1589,12,2990.6,15280
1590,4,7712.06,15282
1591,2,3666.04,15311
1592,2,2968.34,15319
1593,11,7329.15,15326
1594,8,482.61,15355
1595,12,1585.31,15359
1596,2,2672.92,15360
1597,6,5124.29,15362
1598,8,3622.87,15369
1599,6,153.5,15371
1600,7,1397.05,15377
1601,2,3953.51,15389
1602,7,1406.74,15392
1603,4,4587.83,15396
1604,4,2890.36,15401
1605,8,3240.54,15410
1606,10,226.85,15414
1607,8,2067.17,15428
1608,3,1715.58,15442
1609,8,5628.76,15454
1610,9,353.67,15467
1611,12,5907.64,15468
1612,10,3070.36,15469
1613,7,3273.33,15471
1614,7,2032.94,15478
1615,8,4280.61,15486
1616,10,1087.89,15499
1617,8,2547.53,15505
1618,8,720.44,15525
1619,10,2848.45,15540
1620,8,167.13,15542
1621,6,3829.75,15549
1622,8,2348.29,15557
1623,9,4142.89,15558
1624,8,2676.89,15563
1625,12,353.55,15571
1626,3,8209.16,15576
1627,5,1025.69,15620
1628,7,1367.53,15621
1629,3,3775.8,15626
1630,5,2533.32,15638
1631,2,4508.26,15667
1632,7,1855.75,15671
1633,5,2076.45,15700
1634,6,4126.19,15714
1635,4,2784.84,15718
1636,10,3128.5,15728
1637,4,6443.21,15734
1638,7,888.73,15736
1639,4,2209.52,15744
1640,11,344.1,15755
1641,2,2950.99,15766
1642,4,5635.12,15774
1643,7,2150.69,15803
1644,12,2024.5,15811
1645,12,1414,15825
1646,11,8842.81,15830
1647,5,5292.64,15845
1648,7,6860.02,15851
1649,9,3727.55,15869
1650,3,154.78,15878
1651,12,3429.17,15880
1652,6,2421.64,15882
1653,11,399.19,15900
1654,6,3372.33,15923
1655,4,535.01,15941
1656,11,7153.07,15958
1657,11,1552.1,15959
1658,12,1326.19,15969
1659,8,2233,15985
1660,5,3532.8,15994
1661,7,996.87,16006
1662,2,968.82,16011
1663,3,4627.52,16015
1664,6,5111.06,16017
1665,7,3871.37,16042
1666,9,1018.42,16045
1667,1,3176.89,16046
1668,6,6934.83,16061
1669,8,2409.44,16073
1670,9,2043.89,16078
1671,12,2559.92,16086
1672,5,3915.77,16101
1673,6,667.66,16102
1674,4,2017.47,16106
1675,3,766,16107
1676,6,1490.59,16112
1677,7,2545.57,16117
1678,6,892.81,16129
1679,12,3114.43,16131
1680,6,1004.4,16133
1681,7,2498.46,16146
1682,10,1444.27,16149
1683,11,1923.54,16155
1684,7,2698.74,16158
1685,12,3007.22,16159
1686,7,5127.7,16165
1687,4,1310.63,16169
1688,7,3035.96,16188
1689,11,2460.11,16209
1690,8,676.39,16225
1691,6,394.19,16234
1692,7,547.1,16237
1693,9,2713.69,16242
1694,6,1204.69,16256
1695,9,646.13,16268
1696,8,1812.56,16304
1697,7,1211.26,16322
1698,12,834.9,16332
1699,4,1964.95,16339
1700,2,1106.08,16362
1701,7,2227,16363
1702,8,3060.55,16375
1703,11,2989.26,16402
1704,11,633.71,16407
1705,10,3921.85,16426
1706,11,2458.32,16433
1707,7,2659.27,16454
1708,8,1915.69,16467
1709,11,1314.32,16475
1710,12,4121.27,16495
1711,4,298.65,16498
1712,9,2532.98,16534
1713,11,456.91,16546
1714,11,1297.67,16547
1715,8,7639.53,16549
1716,5,4029.55,16552
1717,8,1504.36,16556
1718,9,3569.62,16557
1719,12,6843.3,16558
1720,12,5553.71,16570
1721,9,4579.94,16577
1722,8,1621.34,16579
1723,6,2255.23,16583
1724,7,1092.3,16586
1725,8,3449.34,16594
1726,10,1819.65,16595
1727,12,4068.44,16597
1728,3,4679.64,16622
1729,5,3708.64,16668
1730,6,751.38,16677
1731,5,6190.74,16679
1732,7,9203.05,16692
1733,9,659.63,16693
1734,8,3852.2,16702
1735,11,3568,16711
1736,10,860.2,16717
1737,8,8828.67,16733
1738,5,4310.96,16737
1739,1,1583.18,16739
1740,3,2721.17,16742
1741,6,4037.11,16752
1742,11,5228.8,16754
1743,4,2343.58,16769
1744,8,2162.1,16771
1745,12,555.92,16776
1746,8,6345.14,16802
1747,11,765.86,16809
1748,6,4873.83,16813
1749,11,2222.86,16832
1750,11,1799.62,16840
1751,6,4052.48,16842
1752,8,3042.31,16867
1753,11,3193.15,16877
1754,12,2058.6,16888
1755,11,2540.85,16889
1756,7,1829.85,16906
1757,2,856.86,16908
1758,1,1321.26,16915
1759,6,2394.41,16918
1760,6,1898.44,16920
1761,8,2772.03,16921
1762,12,472.96,16926
1763,12,1953.19,16929
1764,8,806.66,16934
1765,7,3827.43,16941
1766,8,1612.69,16957
1767,7,3333.65,16958
1768,9,675.57,16964
1769,7,2706.16,16967
1770,8,4373.55,16970
1771,10,3965.5,16974
1772,12,3733.13,16986
1773,8,404.14,16994
1774,3,1378.01,16997
1775,7,1029.5,17016
1776,12,3046.14,17036
1777,9,1739.87,17052
1778,7,1033.31,17053
1779,8,2679.38,17054
1780,10,1100.64,17071
1781,11,494.5,17075
1782,3,5569.51,17090
1783,12,4737.8,17091
1784,12,2999.56,17102
1785,9,1363.98,17105
1786,5,1629.42,17109
1787,4,2003.92,17131
1788,8,2286.18,17133
1789,3,645.61,17154
1790,3,3007.71,17166
1791,9,2416.29,17193
1792,7,1631.05,17215
1793,6,1910.97,17222
1794,5,4586.33,17229
1795,10,2352.16,17231
1796,8,4285.39,17235
1797,9,3791.07,17238
1798,5,4994.9,17241
1799,5,4766.28,17253
1800,8,4578.96,17260
1801,11,1597.24,17261
1802,6,1579.48,17267
1803,11,3521.76,17291
1804,9,3987.36,17299
1805,11,2019.14,17302
1806,6,2003.01,17314
1807,5,7026.38,17323
1808,6,2257.86,17330
1809,8,758.23,17337
1810,9,2044.8,17354
1811,6,2523.32,17365
1812,10,142.16,17380
1813,12,942.02,17409
1814,4,1000.28,17411
1815,8,3669.63,17420
1816,12,6984.8,17422
1817,6,2278.82,17435
1818,9,147.49,17437
1819,6,413.95,17438
1820,8,4026.5,17450
1821,7,1199.05,17457
1822,7,4269.17,17462
1823,8,3177.94,17473
1824,5,1592.52,17481
1825,4,7523.53,17491
1826,2,1998.94,17493
1827,10,1860,17499
1828,8,4883.33,17503
1829,8,975.49,17506
1830,10,2447.52,17513
1831,12,2252.04,17519
1832,3,1102.79,17523
1833,5,450.55,17525
1834,12,2064.45,17532
1835,9,816.09,17533
1836,9,3333.7,17539
1837,6,1847.65,17541
1838,8,4036.28,17548
1839,12,4483.38,17549
1840,8,9037.73,17566
1841,6,1725.71,17568
1842,1,1720.68,17576
1843,10,805.1,17579
1844,1,1917.24,17586
1845,12,2230.18,17596
1846,7,3051.59,17608
1847,5,1824.83,17617
1848,3,1983.04,17619
1849,11,1608.1,17655
1850,9,2620.69,17658
1851,8,3851.83,17677
1852,6,3619.82,17682
1853,8,2156.93,17684
1854,5,8209.64,17687
1855,1,2301.38,17690
1856,6,857.69,17727
1857,6,3049.77,17744
1858,7,1618.84,17752
1859,4,2362.89,17756
1860,10,1827.16,17769
1861,7,2613.34,17774
1862,8,4448.27,17784
1863,9,2805.13,17796
1864,8,2332.28,17804
1865,10,2620.65,17814
1866,10,825.96,17826
1867,8,2936.22,17827
1868,3,1377.83,17846
1869,9,2292.89,17871
1870,5,3480.82,17901
1871,8,1620.58,17907
1872,7,1312.11,17926
1873,8,5956.95,17928
1874,8,1485.41,17938
1875,4,2989.85,17945
1876,3,361.22,17962
1877,4,5499.18,17973
1878,7,6247.38,17988
1879,4,915.1,17997
1880,11,878.83,18010
1881,3,2630.63,18022
1882,11,2167.71,18035
1883,8,4810,18060
1884,3,1788.2,18062
1885,10,3682.02,18067
1886,9,3130.67,18069
1887,6,7557.89,18071
1888,6,3563.33,18085
1889,8,2507.69,18106
1890,8,3819.02,18116
1891,3,1572.63,18119
1892,1,8641.07,18122
1893,8,4840.25,18123
1894,1,889.88,18127
1895,7,2003.06,18154
1896,4,1040.85,18159
1897,8,2079.59,18162
1898,8,301.93,18168
1899,6,696.02,18183
1900,4,1275.44,18205
1901,5,5547.19,18215
1902,8,190.12,18216
1903,9,6559.74,18223
1904,11,3891.4,18250
1905,8,3423.82,18252
1906,10,984.99,18273
1907,9,3956.52,18274
1908,7,416.18,18290
1909,10,5457.53,18297
1910,12,2490.24,18305
1911,6,1429.63,18312
1912,5,2968.7,18317
1913,3,3996.22,18324
1914,9,3159.96,18329
1915,4,4667.76,18333
1916,8,5246.59,18335
1917,7,3248.47,18371
1918,4,1831.97,18373
1919,7,4267.5,18422
1920,2,1372.51,18427
1921,6,3655.52,18436
1922,10,1214.46,18447
1923,5,437.87,18451
1924,6,6770.75,18468
1925,8,642.08,18479
1926,5,2405.43,18486
1927,9,4237.79,18492
1928,6,4094.77,18496
1929,10,2259.66,18498
1930,8,4694.35,18518
1931,7,6232.07,18519
1932,8,4455.17,18523
1933,7,1302.16,18553
1934,8,436.61,18564
1935,9,6896.85,18583
1936,8,3371.46,18587
1937,9,1713.1,18617
1938,11,3971.77,18625
1939,6,3091.56,18628
1940,10,3244.98,18652
1941,9,3481.46,18654
1942,6,4567.25,18656
1943,1,4183.73,18662
1944,10,3267.05,18674
1945,10,525.51,18681
1946,11,4490.33,18704
1947,8,2093.33,18720
1948,10,428.84,18721
1949,8,1658.81,18726
1950,6,971.08,18735
1951,10,2751.62,18737
1952,2,3570.53,18761
1953,3,2072.53,18784
1954,5,4136.31,18791
1955,6,5525.72,18809
1956,12,721.11,18812
1957,6,6797.47,18848
1958,4,5213.56,18855
1959,7,7821.93,18857
1960,11,2870.13,18864
1961,7,278.55,18865
1962,10,2269.68,18869
1963,6,4110.05,18875
1964,10,857.09,18877
1965,12,5513.02,18879
1966,5,2229.48,18885
1967,3,1268.85,18898
1968,8,5492.37,18911
1969,2,3395.81,18916
1970,7,2434.38,18920
1971,11,3097.72,18948
1972,4,3941.28,18953
1973,4,4554.72,18966
1974,11,3425.84,18981
1975,8,3029.47,18994
1976,11,3185.19,18995
1977,6,638.52,18999
1978,8,1761.52,19002
1979,6,8315.39,19007
1980,11,4042.44,19009
1981,12,3013.22,19024
1982,6,513.01,19033
1983,10,461.41,19035
1984,4,804.46,19038
1985,4,6223.09,19041
1986,6,2863.97,19048
1987,4,3750.9,19068
1988,7,1466.47,19071
1989,10,2518.66,19076
1990,7,4182.5,19078
1991,12,657,19082
1992,7,794.63,19091
1993,8,3846.11,19100
1994,7,2224.86,19114
1995,10,1981.19,19117
1996,7,1301.31,19120
1997,8,3406.72,19133
1998,7,1810.32,19142
1999,6,5970.25,19171
2000,4,4954.78,19183
2001,11,5581.51,19187
2002,6,977.56,19203
2003,11,4480.37,19207
2004,10,889.24,19210
2005,12,993.93,19211
2006,5,3183.47,19213
2007,8,4877.4,19227
2008,11,1596,19228
2009,1,6309.44,19255
2010,8,5930.94,19262
2011,5,1740.58,19267
2012,8,548.05,19271
2013,11,1866.43,19276
2014,10,3000.96,19283
2015,12,6844.49,19294
2016,7,3390.05,19295
2017,6,560.92,19300
2018,5,2661.09,19309
2019,8,3841.64,19310
2020,12,4597.01,19318
2021,11,3006.67,19324
2022,1,4499.14,19327
2023,10,1839.31,19339
2024,10,870.98,19340
2025,7,665.71,19361
2026,9,2738.71,19368
2027,2,118.98,19375
2028,7,2007.42,19376
2029,5,1439.83,19380
2030,1,4891.05,19382
2031,3,4489.87,19396
2032,8,706,19416
2033,6,3634.9,19423
2034,8,3465.43,19439
2035,11,4086.99,19447
2036,7,466.98,19461
2037,11,8671.86,19476
2038,4,5779.69,19477
2039,4,829.19,19499
2040,10,2975.11,19500
2041,5,335.7,19506
2042,11,4170.67,19510
2043,7,7209.35,19511
2044,7,2670.34,19526
2045,9,1558.46,19527
2046,8,2212.01,19538
2047,11,121.39,19539
2048,11,3995.97,19554
2049,11,4703.31,19570
2050,1,1703.35,19574
2051,2,1593.16,19578
2052,10,1984.54,19579
2053,6,4095.2,19581
2054,11,815.05,19582
2055,7,1363.68,19585
2056,7,3066.85,19591
2057,12,6005.72,19599
2058,7,4788.7,19614
2059,8,1102.19,19623
2060,8,1947.44,19635
2061,4,927.77,19671
2062,3,2022.13,19684
2063,3,2713.56,19690
2064,5,517.29,19697
2065,6,6486.55,19699
2066,7,179.24,19701
2067,3,5089.56,19722
2068,11,457.33,19730
2069,4,208.84,19734
2070,8,6999.91,19753
2071,4,2568.83,19784
2072,5,2296.7,19797
2073,7,6003.45,19805
2074,10,242.76,19811
2075,8,2098.07,19822
2076,6,1853.68,19824
2077,4,4005.46,19843
2078,7,4105.83,19844
2079,9,7959.98,19846
2080,9,1816.06,19857
2081,7,945.79,19858
2082,4,4896.75,19894
2083,6,1706.45,19905
2084,7,6190.92,19950
2085,7,4214.65,19953
2086,10,804.83,19958
2087,1,349.86,19959
2088,8,7235.09,19963
2089,2,2290.54,19974
2090,3,1612.72,19982
2091,8,3023.15,19988
2092,8,884.59,19993
2093,5,354.24,19995
2094,12,1715.77,20004
2095,5,1065.91,20008
2096,6,10291.56,20018
2097,12,2685.21,20028
2098,7,1368.06,20037
2099,9,1152.38,20040
2100,11,4155.68,20047
2101,9,4273.53,20056
2102,10,352.52,20063
2103,5,3213.32,20083
2104,6,1045.22,20093
2105,9,789.06,20096
2106,1,1602.53,20115
2107,8,182.37,20122
2108,9,5157.36,20123
2109,5,2073.1,20128
2110,6,427.13,20133
2111,7,4240.19,20161
2112,8,2903.95,20184
2113,7,3516.18,20195
2114,1,3625.36,20199
2115,8,1835.67,20206
2116,10,1426.37,20213
2117,12,1288.94,20225
2118,10,298.3,20234
2119,12,2671.28,20250
2120,8,305.97,20251
2121,7,2537.62,20257
2122,3,1860.28,20279
2123,5,479.36,20280
2124,7,3228.72,20289
2125,8,7141.91,20304
2126,7,580.8,20312
2127,11,2438.2,20313
2128,8,2080.21,20315
2129,8,1736.08,20321
2130,6,412.9,20331
2131,8,3859.38,20342
2132,8,411.49,20348
2133,7,4385.23,20363
2134,5,1476.78,20372
2135,7,1171.73,20373
2136,3,2620.7,20392
2137,10,4631.87,20394
2138,3,1752.04,20398
2139,8,793.77,20404
2140,6,9905.55,20414
2141,5,1801.32,20422
2142,9,5897.23,20432
2143,6,4225.36,20437
2144,9,282.36,20442
2145,11,6673,20443
2146,2,1034.46,20445
2147,11,2080.64,20451
2148,8,1343.63,20484
2149,3,3297.94,20499
2150,8,4427.33,20518
2151,6,2008.55,20530
2152,12,1154.54,20543
2153,3,2551.11,20545
2154,7,2321.9,20547
2155,11,256.31,20570
2156,10,261.63,20586
2157,8,4067.32,20591
2158,9,2611.29,20606
2159,10,3564.86,20616
2160,12,1967.12,20620
2161,7,1834.7,20639
2162,8,2078.04,20647
2163,3,560.34,20652
2164,12,2491.14,20666
2165,2,4099.26,20690
2166,8,149.15,20691
2167,8,2247.08,20705
2168,8,455.56,20737
2169,2,1161.84,20744
2170,8,3370.65,20769
2171,9,1633.64,20770
2172,7,251.58,20771
2173,12,3527.47,20778
2174,10,4283.49,20781
2175,7,3713.09,20784
2176,6,2355,20787
2177,10,4026.32,20793
2178,12,791.63,20794
2179,9,269.16,20800
2180,7,3217.2,20811
2181,11,269.09,20813
2182,4,689.9,20845
2183,8,4016.32,20848
2184,10,2075.33,20880
2185,7,1019.15,20881
2186,8,1886.75,20882
2187,8,3367.57,20893
2188,5,1454.4,20896
2189,9,462.95,20905
2190,4,525.43,20908
2191,10,3691.18,20915
2192,12,9413.95,20929
2193,4,2616.68,20935
2194,7,193.66,21000
2195,7,229.63,21041
2196,11,4333.81,21043
2197,4,837.03,21051
2198,1,186.33,21055
2199,9,1690.91,21057
2200,8,2884.27,21074
2201,12,7047.77,21085
2202,5,3529.38,21092
2203,8,4419.72,21094
2204,7,2250.32,21095
2205,9,4009.1,21111
2206,8,819.06,21131
2207,5,3070.82,21132
2208,9,1825.91,21138
2209,7,4898.51,21168
2210,7,3054.57,21175
2211,2,3897.1,21189
2212,10,655.31,21190
2213,9,3606.84,21197
2214,6,335.8,21211
2215,7,2151.45,21229
2216,4,1394.34,21237
2217,9,6203.72,21248
2218,9,3927.15,21254
2219,8,4771.06,21270
2220,7,915.79,21281
2221,7,4537.72,21283
2222,8,2163.41,21299
2223,5,3189.36,21301
2224,12,1796.17,21316
2225,7,1342.9,21320
2226,9,1095.64,21331
2227,6,3048.93,21351
2228,11,1611.03,21353
2229,10,1274.88,21354
2230,8,1922.29,21359
2231,6,4202.68,21378
2232,12,3488.22,21393
2233,12,3064.29,21409
2234,7,1537.47,21428
2235,10,501.1,21446
2236,10,4115.82,21458
2237,8,2850.1,21471
2238,1,1119.24,21485
2239,6,347.05,21495
2240,8,8143.5,21502
2241,10,1705.77,21503
2242,7,3531.89,21509
2243,4,2677.48,21520
2244,6,972.49,21530
2245,4,3752.56,21556
2246,10,4681.48,21559
2247,10,5507.13,21574
2248,2,735.23,21576
2249,11,4031.32,21579
2250,12,5925.49,21597
2251,6,1706.19,21609
2252,9,2902.08,21625
2253,8,3517.06,21626
2254,6,6589.11,21631
2255,8,3529.64,21632
2256,8,3991.06,21640
2257,9,2082.39,21650
2258,6,440.75,21657
2259,12,7256.13,21669
2260,6,746.34,21699
2261,9,674.18,21706
2262,5,1756.98,21745
2263,7,3161.11,21759
2264,8,131.39,21763
2265,5,566.22,21779
2266,5,2290.22,21794
2267,12,4490.78,21801
2268,12,2160.49,21822
2269,3,1076.71,21849
2270,6,5177.01,21854
2271,9,3977.49,21858
2272,11,3031.28,21866
2273,5,1516.74,21879
2274,11,3538.09,21880
2275,6,721.2,21887
2276,5,1754.26,21889
2277,9,903.7,21890
2278,12,2655.87,21898
2279,9,4592.66,21907
2280,7,1055.08,21910
2281,10,4154.77,21929
2282,12,7976.48,21939
2283,11,2685.38,21945
2284,4,954.47,21960
2285,9,10373.98,21961
2286,3,65.16,21963
2287,10,3910.39,21967
2288,5,3929.04,21969
2289,3,2800.96,21970
2290,11,1611.22,21986
2291,11,552.82,21988
2292,9,4088.73,21989
2293,10,2753.93,21990
2294,7,4167.45,22012
2295,10,8267.12,22017
2296,7,233.77,22025
2297,8,1276.65,22043
2298,7,1323.53,22048
2299,5,7278.82,22069
2300,9,3274.98,22073
2301,7,375.29,22075
2302,7,2172.67,22125
2303,9,1525.25,22138
2304,11,2943.6,22145
2305,8,4812.18,22149
2306,8,2145.49,22153
2307,12,2259.37,22165
2308,7,4605.25,22179
2309,10,353.93,22190
2310,5,635.3,22194
2311,12,1629.95,22198
2312,10,7954.91,22201
2313,1,5289.68,22207
2314,7,3580.66,22234
2315,6,1308.94,22244
2316,7,2087.17,22246
2317,7,1590.57,22247
2318,1,2750.03,22261
2319,6,2502.07,22265
2320,10,947.88,22319
2321,2,1117.06,22323
2322,6,684.6,22327
2323,12,984.64,22339
2324,4,3868.31,22369
2325,8,7431.98,22370
2326,7,1101.79,22377
2327,8,1546.93,22382
2328,3,3987.22,22398
2329,8,497.33,22408
2330,10,5771.57,22438
2331,10,3102.8,22447
2332,2,1270.45,22453
2333,3,8343.95,22457
2334,7,1727.79,22466
2335,6,3692.91,22475
2336,11,2867.78,22501
2337,12,2333.44,22509
2338,9,696.11,22511
2339,8,709.48,22513
2340,12,2706.94,22516
2341,9,5232.25,22520
2342,11,5567.75,22521
2343,9,922.69,22529
2344,7,2620.93,22543
2345,7,3759.4,22566
2346,9,992.18,22585
2347,11,1308.72,22605
2348,8,3132.92,22614
2349,3,210.95,22615
2350,8,1360.76,22623
2351,6,2961.08,22628
2352,5,3838.86,22637
2353,8,1888.86,22639
2354,12,1906.69,22651
2355,11,690.47,22653
2356,5,1159.09,22660
2357,10,2664.76,22668
2358,12,3362.07,22680
2359,8,790.11,22695
2360,7,133.77,22708
2361,6,4439.36,22711
2362,9,1430.68,22720
2363,6,3320.56,22721
2364,6,3598.52,22726
2365,10,3835.68,22743
2366,10,2448.72,22751
2367,8,1087.32,22753
2368,7,2512.61,22766
2369,6,3288.56,22773
2370,8,5954.03,22795
2371,3,4531.96,22796
2372,11,1441.27,22799
2373,1,2424.77,22827
2374,1,7631.45,22828
2375,8,4335.16,22838
2376,1,2559.32,22866
2377,6,4473.31,22879
2378,9,3273.69,22883
2379,7,2714.95,22901
2380,2,1174.98,22902
2381,12,4902.92,22910
2382,5,3401.92,22914
2383,6,1826.09,22943
2384,10,685.02,22948
2385,10,3005.25,22950
2386,7,3397.44,22952
2387,6,811.99,22956
2388,12,3162.54,22960
2389,8,1261.52,22968
2390,10,4901.47,22973
2391,6,5000.53,22980
2392,11,3250.57,23001
2393,9,704.62,23013
2394,8,3569.64,23022
2395,7,2579.35,23046
2396,9,1562.19,23080
2397,5,2437.08,23089
2398,7,949.09,23091
2399,5,1556.05,23095
2400,11,1338.96,23106
2401,9,4454.93,23112
2402,8,1718.43,23115
2403,10,5858.06,23120
2404,10,6016.3,23123
2405,5,1277.23,23144
2406,8,2928.44,23157
2407,12,2752.42,23161
2408,10,2372.53,23166
2409,7,4078.16,23170
2410,11,127.76,23172
2411,6,5056.48,23184
2412,10,1904.25,23201
2413,7,1343.04,23208
2414,5,4420.75,23224
2415,8,5352.41,23232
2416,8,1112.41,23238
2417,8,1842.27,23269
2418,10,4729.55,23279
2419,8,1976.22,23287
2420,11,880.89,23300
2421,4,1215.58,23311
2422,9,1437.49,23314
2423,1,3591.3,23328
2424,10,1236.22,23334
2425,9,4171.72,23347
2426,12,7117.5,23349
2427,3,555.47,23352
2428,5,2560.35,23357
2429,6,3495.55,23358
2430,8,739.97,23372
2431,3,4007.08,23377
2432,11,394.46,23382
2433,7,3216.92,23384
2434,7,3587,23394
2435,6,2172.15,23399
2436,6,6142.73,23403
2437,7,963.19,23416
2438,9,1593.19,23437
2439,6,6138.41,23459
2440,2,3561.17,23461
2441,8,2535.91,23464
2442,7,1748.38,23466
2443,8,249.05,23471
2444,5,1131.21,23481
2445,8,756,23489
2446,5,6795.15,23500
2447,8,2676.52,23503
2448,8,2649.02,23511
2449,6,6313.23,23521
2450,6,1963.61,23528
2451,6,1461.92,23535
2452,5,4115.21,23539
2453,6,7617.97,23540
2454,8,8277.77,23552
2455,7,4332.48,23565
2456,11,2249.11,23590
2457,10,3351.99,23593
2458,8,2823.78,23597
2459,6,5363.7,23602
2460,2,2607.47,23611
2461,11,2657.93,23626
2462,12,3615.23,23638
2463,10,598.21,23639
2464,10,4481.72,23660
2465,11,1387.85,23661
2466,3,122.13,23662
2467,9,6715.23,23673
2468,8,5609.95,23674
2469,3,2494.78,23678
2470,5,1464.99,23684
2471,8,7752.54,23690
2472,7,558.26,23693
2473,2,5443.79,23703
2474,8,1007,23719
2475,10,2868.96,23721
2476,8,1314.62,23745
2477,8,1359.12,23748
2478,5,507.69,23764
2479,2,5515.5,23773
2480,7,1644.36,23777
2481,6,3184.32,23793
2482,11,3241.3,23803
2483,10,2169.88,23811
2484,12,5006.07,23813
2485,11,2392.08,23814
2486,7,2969.3,23827
2487,11,1763.89,23838
2488,7,775.94,23839
2489,10,680.61,23841
2490,11,808.2,23847
2491,9,135.71,23851
2492,8,3132.07,23854
2493,10,5110.44,23860
2494,6,2984.67,23866
2495,7,582.55,23885
2496,10,3056.38,23886
2497,9,1214.74,23890
2498,7,586.95,23892
2499,5,3110.32,23893
2500,8,987.56,23903
2501,9,3188.3,23918
2502,9,3533.57,23944
2503,12,6349.57,23956
2504,8,1566.13,23958
2505,8,938.11,23979
2506,1,1647.03,23999
2507,6,2078.44,24000
2508,6,2716.26,24011
2509,12,1419.23,24016
2510,1,3834.32,24023
2511,1,850.87,24027
2512,12,1300.72,24043
2513,2,359.43,24057
2514,3,2758.52,24061
2515,12,3767.29,24062
2516,5,821.95,24104
2517,9,1042.15,24112
2518,10,686.65,24119
2519,9,419.67,24133
2520,10,1018.14,24156
2521,8,373.11,24192
2522,8,1114.52,24204
2523,3,3232.4,24211
2524,7,7555.74,24214
2525,6,693.21,24231
2526,11,1193.26,24237
2527,4,2128.73,24238
2528,9,630.62,24251
2529,6,3515.59,24261
2530,3,1946.81,24263
2531,11,5278.73,24268
2532,12,1858.2,24278
2533,8,1395.41,24285
2534,5,2749.71,24286
2535,8,1137.45,24287
2536,9,2146.37,24289
2537,7,6654.76,24291
2538,4,3920.68,24296
2539,8,195.97,24306
2540,4,1482.67,24311
2541,10,4483.1,24315
2542,11,2892.63,24333
2543,8,2536.84,24335
2544,9,3952.35,24346
2545,6,3332.06,24363
2546,7,3598,24388
2547,9,1904.19,24389
2548,6,690.13,24391
2549,1,2653.11,24421
2550,8,3198.54,24450
2551,10,1795.49,24476
2552,1,1678.25,24492
2553,6,1748.61,24503
2554,12,1806.44,24511
2555,5,1029.24,24514
2556,12,5127.61,24515
2557,6,3637.6,24525
2558,6,5917.52,24559
2559,1,253.11,24563
2560,12,7459.24,24564
2561,12,2595.87,24565
2562,11,1730.18,24582
2563,11,1841.78,24595
2564,10,465.53,24596
2565,3,1918.74,24605
2566,1,952.06,24620
2567,3,2280.48,24627
2568,10,2313.48,24638
2569,7,5265.95,24647
2570,1,779.2,24661
2571,8,3514.36,24665
2572,11,2436.08,24689
2573,8,3347.53,24696
2574,6,3400.35,24721
2575,5,1178.68,24739
2576,7,1684.32,24749
2577,10,3535.23,24778
2578,10,2269,24781
2579,5,5179.59,24784
2580,8,2911.49,24787
2581,7,1121.67,24788
2582,11,3799.4,24790
2583,11,1515.22,24806
2584,8,1991.39,24821
2585,5,5653.06,24837
2586,1,3018.82,24850
2587,12,2732.36,24855
2588,2,2484.8,24867
2589,9,1202.29,24874
2590,8,1217.07,24890
2591,8,5204.52,24891
2592,5,2607.38,24922
2593,10,1163.68,24929
2594,6,1556.33,24933
2595,6,2042.18,24939
2596,7,2565.41,24954
2597,9,5168.17,24958
2598,12,873.7,24964
2599,4,357.02,24977
2600,8,1881.45,24987
2601,7,2610.78,24993
2602,7,1061.47,25036
2603,7,4036.28,25053
2604,7,3107.47,25072
2605,11,3669.81,25074
2606,9,5805.52,25078
2607,4,1024.34,25081
2608,5,7363.13,25085
2609,10,5877.27,25093
2610,5,1588.04,25099
2611,7,161.37,25104
2612,4,2528.82,25107
2613,7,2381.98,25116
2614,6,316.09,25124
2615,10,1613.79,25132
2616,8,2412.91,25135
2617,12,3284.86,25161
2618,10,1688.96,25166
2619,4,2697.61,25172
2620,11,266.99,25176
2621,11,614.21,25178
2622,9,1494.46,25179
2623,10,1771.72,25182
2624,11,4322.43,25187
2625,4,1239.7,25199
2626,5,4050.1,25202
2627,7,6390.44,25205
2628,5,288.4,25209
2629,4,229.36,25211
2630,5,1235.63,25229
2631,4,4869.46,25233
2632,9,5410.04,25241
2633,7,3296.08,25250
2634,12,1872.12,25265
2635,10,4775.03,25273
2636,8,1116.21,25274
2637,8,821.63,25284
2638,11,2933.59,25297
2639,6,2499.57,25345
2640,7,1847.64,25347
2641,8,2014.4,25350
2642,12,1816.34,25352
2643,5,2788.97,25372
2644,8,3501.59,25395
2645,6,5954.49,25400
2646,7,1999.53,25415
2647,6,1856.61,25416
2648,6,1787.96,25441
2649,8,2016.13,25446
2650,7,4073.08,25448
2651,9,1149.89,25471
2652,9,3711.21,25475
2653,12,4060.51,25476
2654,7,2827.66,25507
2655,8,1255.53,25521
2656,10,3263.64,25527
2657,6,3169.97,25543
2658,9,2095.67,25544
2659,6,3329.15,25547
2660,12,890.11,25550
2661,5,1503.84,25551
2662,11,2777.27,25562
2663,10,3795.76,25567
2664,9,2987.71,25571
2665,8,455.74,25594
2666,1,199.56,25598
2667,11,1418,25623
2668,11,488.72,25625
2669,11,3543.71,25626
2670,6,1427.01,25634
2671,12,828.73,25641
2672,5,7211.04,25644
2673,9,1163.53,25648
2674,8,3700.89,25655
2675,7,1197.55,25660
2676,10,1147.23,25666
2677,5,1887.68,25669
2678,3,1771.22,25673
2679,8,2679.96,25678
2680,5,2142.22,25703
2681,6,327.41,25737
2682,8,2517.31,25795
2683,4,2416.23,25798
2684,4,3336.73,25813
2685,8,2073.87,25836
2686,8,10814.82,25856
2687,6,12714.64,25894
2688,7,2314.6,25902
2689,5,278.79,25954
2690,8,576.23,25964
2691,8,6226.04,26002
2692,2,273.87,26006
2693,6,1853.16,26007
2694,11,331.43,26009
2695,2,4492.02,26030
2696,7,9314.28,26056
2697,9,342.92,26114
2698,7,6348.52,26145
2699,5,1703.9,26230
2700,6,995.87,26238
2701,9,16336.18,26244
2702,7,1167.84,26264
2703,4,10452.22,26328
2704,8,10181.99,26337
2705,10,2591.15,26352
2706,5,3147.28,26355
2707,7,1633.26,26397
2708,9,3958.34,26404
2709,4,490.16,26405
2710,8,7836.63,26459
2711,4,7752.67,26464
2712,6,2281.81,26512
2713,5,2752.69,26527
2714,7,3314.73,26529
2715,5,961.69,26548
2716,10,6917.67,26558
2717,5,826.34,26573
2718,8,3054.01,26714
2719,6,3794.32,26739
2720,9,968.41,26749
2721,11,2094.66,26754
2722,2,653.07,26762
2723,10,4251.73,26780
2724,10,10078.09,26823
2725,8,10160.3,26842
2726,10,816.03,26880
2727,7,10930.95,26882
2728,7,38.03,26892
2729,10,10313.83,26893
2730,7,6556.32,26910
2731,8,1010.59,26948
2732,9,1025.67,26984
2733,10,2192.88,26989
2734,7,718.09,27006
2735,9,2904.7,27020
2736,3,5084.8,27075
2737,8,10912.35,27127
2738,10,3195,27129
2739,5,3413.17,27208
2740,7,11650.2,27234
2741,7,5043.76,27236
2742,8,1048.67,27245
2743,3,6160.84,27280
2744,9,8679.07,27323
2745,6,1434.8,27324
2746,12,9320.84,27331
2747,4,634.82,27377
2748,8,7473.65,27405
2749,7,3927.66,27436
2750,5,1830.26,27561
2751,10,8112.41,27577
2752,4,10479.97,27594
2753,8,17047.35,27610
2754,11,698.34,27640
2755,12,5825.2,27646
2756,5,7308.52,27678
2757,10,11227.51,27692
2758,7,2953.21,27768
2759,4,2670.09,27776
2760,10,1830.33,27810
2761,5,5324.54,27840
2762,8,13888.53,27848
2763,9,6255.89,27890
2764,8,1532.64,27918
2765,1,6686.39,27989
2766,3,3899.78,28015
2767,11,196.34,28028
2768,10,3680.82,28033
2769,1,2208.88,28040
2770,6,6418.09,28072
2771,9,17531.73,28085
2772,8,3091.49,28109
2773,2,13120.66,28126
2774,9,3652.72,28133
2775,2,1275.3,28178
2776,10,4700,28181
2777,11,10684.71,28183
2778,9,4086.6,28198
2779,5,5912.5,28235
2780,8,3694.93,28241
2781,9,1943.49,28303
2782,8,3443.13,28329
2783,6,2892.12,28350
2784,1,2821.56,28354
2785,11,2628.54,28361
2786,8,5129.96,28362
2787,9,11751.82,28386
2788,8,2703.7,28398
2789,3,4118.78,28400
2790,8,762.05,28472
2791,10,8403.99,28506
2792,7,1732.22,28515
2793,12,7432.63,28547
2794,6,2256.77,28566
2795,12,3119.68,28592
2796,2,1010.61,28610
2797,4,1562.46,28666
2798,10,197.01,28700
2799,9,766.14,28724
2800,2,5788.9,28745
2801,8,4071.57,28753
2802,4,344.25,28779
2803,6,2058.5,28780
2804,12,3696.99,28827
2805,8,6753.11,28988
2806,6,8472.75,29014
2807,5,931.24,29085
2808,3,701.99,29113
2809,9,7074.02,29129
2810,8,910.51,29135
2811,9,6653.85,29143
2812,6,706.63,29158
2813,10,4122.62,29159
2814,7,64.65,29167
2815,5,6624.3,29203
2816,7,861.81,29243
2817,6,6801.75,29298
2818,9,584.27,29314
2819,8,103.34,29341
2820,10,6030.2,29351
2821,6,5137.9,29371
2822,8,5581.72,29394
2823,9,2102.97,29425
2824,12,56.61,29427
2825,7,9202.81,29438
2826,10,10112.68,29485
2827,8,6232.88,29586
2828,11,2056.11,29656
2829,7,2829.59,29698
2830,11,40.45,29748
2831,6,3990.4,29868
2832,6,5691.18,29915
2833,12,2305.48,29918
2834,6,966.11,29932
2835,7,457.9,29933
2836,7,4868.52,29940
2837,4,9239.76,29993
2838,7,7131.96,30028
2839,5,249.33,30039
2840,12,1958.83,30056
2841,10,7995.21,30062
2842,2,14631.6,30070
2843,4,562.81,30134
2844,12,2001.17,30147
2845,7,6563.97,30156
2846,7,3785.51,30163
2847,3,10355.1,30188
2848,1,3912.3,30194
2849,7,6501.98,30209
2850,8,4230.59,30217
2851,12,6052.85,30257
2852,6,5549.92,30285
2853,5,2860.02,30294
2854,10,10719.29,30298
2855,10,8267.36,30305
2856,10,14207.7,30356
2857,8,5692.95,30359
2858,6,943.39,30428
2859,9,4167.19,30450
2860,3,10386.7,30543
2861,5,10033.3,30547
2862,11,1284.78,30616
2863,6,2428.64,30691
2864,12,745.05,30702
2865,8,5823.43,30743
2866,1,466.86,30768
2867,12,4986.24,30806
2868,1,10996.59,30813
2869,7,496.51,30885
2870,11,5586.16,30960
2871,9,4036.61,31062
2872,9,3339.34,31137
2873,11,15425.41,31143
2874,6,3971.34,31237
2875,6,5793.23,31250
2876,7,9234.53,31274
2877,9,2686.38,31348
2878,11,1294.44,31411
2879,8,538.02,31486
2880,6,6491.15,31717
2881,6,15415.62,31768
2882,2,9793.3,31800
2883,6,526.57,31923
2884,2,8748.8,32025
2885,1,4488.83,32027
2886,11,1774.35,32122
2887,4,5317.22,32197
2888,8,3914.06,32419
2889,10,11831.79,32441
2890,10,6876.81,32522
2891,9,584.42,32542
2892,4,4671.01,32653
2893,5,2014.8,32699
2894,10,6961.35,32715
2895,6,1452.02,32927
2896,11,3804.56,32969
2897,5,10209.86,32980
2898,5,9678.59,33023
2899,7,8496.81,33085
2900,6,1761.52,33195
2901,8,4051.42,33266
2902,10,4688.51,33324
2903,9,5980.5,33365
2904,8,5875.65,33954
2905,7,10839.59,34047
2906,8,2063.2,34193
2907,11,6897.62,34204
2908,5,5180.1,34219
2909,8,3653.01,34428
2910,1,10566.47,34917
2911,8,120.85,35179
2912,7,180.04,35343
2913,4,3880.9,35346
2914,5,4562.77,35439
2915,6,3618.42,35471
2916,1,4810.31,35474
2917,5,551.42,35533
2918,11,6828.54,35664
2919,1,708.94,35710
2920,12,5229.46,35787
2921,8,5192.82,35818
2922,10,8355.36,35861
2923,11,4275.99,35938
2924,9,10185.96,36083
2925,10,6704.38,36325
2926,5,11235,36382
2927,5,3936.45,36502
2928,8,3670.32,36521
2929,4,7549.87,36538
2930,6,784.31,36651
2931,3,516.63,36661
2932,3,680.84,36712
2933,8,8366.71,36724
2934,8,10038.11,36971
2935,6,1366.05,37021
2936,4,6793.75,37045
2937,12,10560.93,37114
2938,10,13941.94,37202
2939,11,4707.77,37237
2940,8,6811.17,37293
2941,4,698.77,37375
2942,8,3114.34,37405
2943,8,5597.03,37579
2944,11,2373.35,37583
2945,8,8978.98,37645
2946,2,3435.11,37750
2947,8,2111.9,37878
2948,12,4571.6,37963
2949,2,2372.86,38161
2950,7,1258.15,38204
2951,12,13478.61,38217
2952,9,3418.97,38223
2953,5,3795.42,38226
2954,11,13063,38296
2955,8,2927.22,38308
2956,5,3219.59,38311
2957,11,2131.55,38324
2958,8,6692.18,38340
2959,5,177.94,38342
2960,7,5939.3,38368
2961,11,591.7,38397
2962,5,2898.76,38470
2963,8,6039.7,38485
2964,6,10758.2,38489
2965,4,6509.28,38500
2966,7,374.45,38508
2967,9,7654.55,38526
2968,6,1386.77,38537
2969,8,1869.49,38558
2970,1,1716.89,38562
2971,5,1631.88,38572
2972,8,4019.44,38592
2973,4,6208.43,38618
2974,9,914.64,38660
2975,7,18626.34,38662
2976,7,8500.34,38669
2977,6,335.73,38672
2978,8,7791.67,38688
2979,5,2573.5,38689
2980,3,10711.72,38692
2981,11,8984.25,38709
2982,3,13836.34,38735
2983,10,1668.49,38753
2984,2,6191.78,38754
2985,11,7297.99,38767
2986,8,1680.89,38772
2987,1,1382.39,38773
2988,8,764.16,38782
2989,8,3142.39,38785
2990,4,3103.85,38804
2991,8,748.34,38819
2992,10,1748.36,38848
2993,8,1193.13,38898
2994,6,8096.57,38908
2995,11,4610.94,38910
2996,8,6815.88,38933
2997,2,2562.41,38949
2998,8,7366.39,38951
2999,6,17508.5,38956
3000,6,667.06,38973
3001,9,6335.65,38989
3002,11,1193.53,39070
3003,9,6491.04,39075
3004,12,8429.99,39080
3005,8,4526.97,39084
3006,8,576.53,39097
3007,4,1248.06,39103
3008,6,6902.36,39104
3009,9,415.81,39125
3010,9,714.42,39127
3011,5,13683.72,39157
3012,6,6759.19,39161
3013,5,5417.38,39172
3014,6,4063.04,39191
3015,12,10884.2,39196
3016,8,6132.27,39199
3017,4,8765.24,39222
3018,12,6227.94,39230
3019,10,7135,39279
3020,6,7857.94,39292
3021,11,3024.26,39294
3022,4,6071.23,39337
3023,8,1734.29,39354
3024,8,14160.58,39392
3025,10,407.42,39416
3026,6,169.93,39432
3027,4,5068.72,39434
3028,9,805.49,39459
3029,6,2483.19,39478
3030,10,1195.84,39524
3031,7,1507.79,39532
3032,8,6037.19,39539
3033,5,5580.61,39542
3034,4,5521.99,39554
3035,11,935.15,39558
3036,8,839.41,39565
3037,12,2194.09,39574
3038,11,397.41,39605
3039,6,956.71,39614
3040,3,9483.13,39620
3041,6,6373.07,39641
3042,6,4894.22,39659
3043,11,3212.67,39670
3044,6,679.97,39677
3045,3,320.17,39720
3046,7,11766.46,39737
3047,6,12757.14,39767
3048,8,9439.99,40031
3049,6,7077.65,40041
3050,6,601.26,40129
3051,2,6878.38,40147
3052,7,6624.77,40196
3053,5,3207.55,40204
3054,5,2265.46,40235
3055,9,242.16,40539
3056,5,448.59,40580
3057,4,2853.94,40588
3058,9,939.36,40636
3059,7,3750.36,40691
3060,8,5456.49,40709
3061,9,5331.54,40728
3062,6,700.77,40810
3063,9,11586.23,40912
3064,12,1830.7,40917
3065,10,180.77,41021
3066,7,4857.74,41053
3067,7,5177.95,41117
3068,10,6772.41,41218
3069,9,1735.35,41234
3070,2,4600.97,41263
3071,5,813.49,41349
3072,11,12431.31,41463
3073,8,2627.16,41477
3074,11,4593.94,41536
3075,12,3996.11,41629
3076,4,10244.05,41858
3077,7,8693.73,41900
3078,6,535.44,41935
3079,7,784.62,42016
3080,2,2843.39,42041
3081,7,2294.76,42042
3082,7,1150.08,42180
3083,7,8145.34,42333
3084,3,62.77,42352
3085,2,871.76,42455
3086,8,6293.87,42568
3087,10,9636.54,42637
3088,8,605.07,42673
3089,12,4448.11,42699
3090,4,6968.27,42800
3091,6,4610.38,42815
3092,8,3051.43,42825
3093,5,11446.06,42935
3094,11,270.93,43042
3095,10,1820.53,43142
3096,8,1576.2,43305
3097,6,1184.92,43326
3098,6,448.53,43519
3099,9,12113.59,43543
3100,11,8191.59,43699
3101,11,10457.23,43766
3102,8,4746.03,43775
3103,7,8097.72,43792
3104,6,1451.91,43810
3105,9,1321.14,44050
3106,10,4665.5,44071
3107,11,5504.77,44088
3108,7,3393.44,44176
3109,8,7411.15,44318
3110,11,8330.33,44470
3111,6,1821.62,44528
3112,8,7488.13,44556
3113,10,3760.27,44614
3114,7,9185.71,44654
3115,8,2156.8,44744
3116,9,1712.8,44810
3117,4,2561.36,44816
3118,8,9688.4,44820
3119,7,7517.29,45005
3120,5,5983.17,45034
3121,10,10088.93,45386
3122,11,7292.95,45462
3123,9,1254.34,45762
3124,6,563.92,46069
3125,12,4064.19,46163
3126,11,9913.98,46232
3127,8,7900.62,46508
3128,8,6098.97,46549
3129,8,402.25,46662
3130,7,8226.4,46705
3131,6,34.16,46853
3132,2,11663.92,47095
3133,9,592.55,47156
3134,4,10682.11,47164
3135,10,125.84,47213
3136,3,571.8,47217
3137,7,1024.17,47250
3138,10,9560.74,47280
3139,6,1575.36,47291
3140,8,782.96,47439
3141,6,4795.6,47474
3142,11,6468,47583
3143,7,70.13,47608
3144,10,8394.9,47609
3145,5,2922.4,47611
3146,10,10052.34,47620
3147,1,649.95,47642
3148,12,17508.2,47687
3149,10,4706.89,47692
3150,1,791.98,47716
3151,12,7172.73,47790
3152,8,413.32,47822
3153,5,883.89,47836
3154,5,3081.27,47856
3155,7,216.38,47858
3156,8,3334.7,47994
3157,12,500.63,48012
3158,3,136.54,48061
3159,1,4418.56,48097
3160,3,954.4,48107
3161,8,8104.97,48133
3162,3,4946.16,48151
3163,7,15975.11,48169
3164,2,5522.98,48194
3165,6,13042.58,48251
3166,5,4820.88,48256
3167,7,17164.7,48267
3168,5,4065.05,48412
3169,4,10626.71,48418
3170,5,199.31,48444
3171,4,5238.06,48454
3172,12,3767.15,48479
3173,10,2899.87,48487
3174,6,408.64,48513
3175,6,10967.17,48551
3176,9,5682.77,48688
3177,3,4137.08,48751
3178,12,4821.49,48775
3179,9,4907.42,48789
3180,11,1374.14,48802
3181,10,908.83,48807
3182,9,986,48824
3183,3,5701.65,48857
3184,8,1530.05,48903
3185,7,3244.22,48962
3186,12,3598.69,48988
3187,9,3689.18,49035
3188,9,4818.96,49099
3189,11,6458.08,49140
3190,5,2743.07,49148
3191,11,13434.76,49166
3192,7,4265,49208
3193,5,10312.58,49224
3194,6,5887.2,49347
3195,12,353.5,49349
3196,8,198.41,49367
3197,7,1990.86,49370
3198,7,1991.05,49381
3199,7,2400.91,49419
3200,9,6583.97,49481
3201,4,4301.63,49489
3202,6,722.45,49546
3203,5,3692.84,49564
3204,8,1889.35,49571
3205,6,201.88,49597
3206,8,1824.17,49612
3207,3,10350.34,49672
3208,9,8962.07,49699
3209,7,8312.39,49706
3210,4,8514.46,49731
3211,3,7362.78,49746
3212,10,6859.35,49777
3213,4,5059.83,49869
3214,6,7884.74,49899
3215,6,217.46,49917
3216,9,13988.23,50014
3217,8,372.12,50094
3218,10,3498.46,50098
3219,7,5643.83,50161
3220,10,339.02,50162
3221,7,973.22,50175
3222,4,9120.09,50192
3223,7,3976.59,50193
3224,10,1718.75,50195
3225,6,1248.74,50225
3226,4,2847.41,50277
3227,9,2081.97,50301
3228,8,470.89,50308
3229,7,4236.29,50345
3230,7,12439.03,50350
3231,6,1617.05,50361
3232,1,9467.16,50373
3233,7,6353.23,50405
3234,10,225.12,50445
3235,11,5936.74,50449
3236,9,7236.86,50474
3237,11,579.11,50497
3238,6,5349.96,50522
3239,7,6351.29,50604
3240,8,797.75,50679
3241,11,191.64,50685
3242,12,10125.15,50700
3243,3,2723.79,50725
3244,8,1715.63,50758
3245,3,16179.88,50773
3246,9,1779.66,50780
3247,10,928.33,50809
3248,1,6780.74,50854
3249,3,579.98,50855
3250,8,8479.65,50856
3251,7,10816.34,50868
3252,10,3788.61,50875
3253,9,640.26,50882
3254,11,2970.93,50887
3255,10,6891.81,50890
3256,10,5939.5,50905
3257,6,5798.96,50906
3258,8,3176.12,50909
3259,11,10761.85,50973
3260,12,4242.57,50992
3261,6,7733.58,51012
3262,10,6357.57,51020
3263,12,6342.12,51040
3264,10,4077.85,51042
3265,12,4628.12,51060
3266,5,6922.77,51097
3267,10,13323.9,51099
3268,5,8700.12,51104
3269,2,6734.37,51234
3270,6,699.92,51237
3271,8,1293.51,51241
3272,9,6380.23,51270
3273,8,7128.14,51276
3274,1,2445.18,51314
3275,4,6365.48,51341
3276,9,2572.77,51363
3277,8,704.33,51385
3278,8,5656.74,51396
3279,2,687.07,51421
3280,5,10858.26,51424
3281,8,6460.11,51461
3282,8,3029.95,51491
3283,7,15702.09,51496
3284,8,64.05,51530
3285,6,3885.86,51568
3286,8,14460.45,51604
3287,6,15018.89,51613
3288,5,3284.07,51617
3289,9,2335.95,51626
3290,6,659.4,51629
3291,10,5326.27,51712
3292,3,8145.48,51716
3293,8,1790.34,51726
3294,7,531.4,51732
3295,12,8774.1,51766
3296,7,4860.81,51786
3297,2,3915.99,51788
3298,6,2572.16,51811
3299,9,24445.52,51815
3300,10,629.34,51870
3301,2,832.25,51886
3302,10,8870.09,51894
3303,10,116.34,51907
3304,9,95.73,51976
3305,3,8443.13,51990
3306,5,6317.51,52009
3307,10,3376.36,52037
3308,6,2807.42,52068
3309,10,9455.43,52074
3310,11,1102.52,52080
3311,11,13060.29,52086
3312,8,9929.82,52098
3313,1,3843.96,52103
3314,1,11390.69,52169
3315,10,5447.94,52174
3316,8,163.32,52178
3317,8,2949.45,52179
3318,8,2240.35,52180
3319,8,522.99,52189
3320,5,1896.11,52218
3321,7,388.86,52227
3322,8,447.72,52238
3323,8,9860.6,52244
3324,8,2503.69,52252
3325,11,75.13,52302
3326,8,1745.51,52312
3327,8,10452.25,52323
3328,2,4994.59,52324
3329,2,5481.16,52337
3330,6,3087.28,52338
3331,8,142.21,52339
3332,9,5259.3,52348
3333,11,3939.87,52389
3334,7,312.26,52394
3335,9,2782.17,52410
3336,3,2294.41,52413
3337,6,5064.14,52414
3338,7,3649.97,52432
3339,9,1571.41,52435
3340,7,5677.53,52442
3341,4,7421.07,52450
3342,8,1337.2,52498
3343,11,157.83,52508
3344,12,12727.64,52537
3345,4,9862.13,52562
3346,6,581.06,52563
3347,8,845.65,52571
3348,6,2098.81,52578
3349,7,3654.02,52583
3350,9,77.77,52593
3351,7,3457.92,52595
3352,4,9219.88,52614
3353,11,19031.68,52673
3354,6,219.95,52710
3355,8,8631.41,52719
3356,10,894.87,52764
3357,12,3480.98,52780
3358,3,829.75,52781
3359,7,7627.22,52794
3360,11,5470.03,52830
3361,7,12323.07,52832
3362,5,587.57,52894
3363,9,3624.39,52904
3364,10,6258.65,52921
3365,12,4389.52,52926
3366,10,19850.4,52946
3367,11,3701.48,52952
3368,11,2899.8,53000
3369,9,1304.83,53006
3370,11,1462.28,53018
3371,12,4175.49,53041
3372,9,2663.41,53048
3373,12,8960.58,53053
3374,12,5401.35,53058
3375,8,5496.99,53091
3376,6,9402.04,53125
3377,10,3803.19,53128
3378,9,2576.11,53138
3379,6,12678.46,53144
3380,6,286.89,53146
3381,9,5047.91,53161
3382,8,11712.46,53178
3383,9,7917.15,53209
3384,10,351.85,53242
3385,7,6195.57,53277
3386,5,6058.03,53282
3387,10,2936.78,53293
3388,7,95.27,53327
3389,7,9803.26,53332
3390,6,2151.71,53342
3391,6,375.6,53359
3392,8,478.92,53482
3393,12,8092.45,53535
3394,6,7806.83,53644
3395,4,10749.81,53656
3396,10,757.1,53731
3397,1,964.65,53762
3398,4,3895,53846
3399,2,7863.57,53891
3400,6,3208.4,53965
3401,10,11250.17,53969
3402,8,8679.68,53970
3403,12,3160.07,53999
3404,12,1086.1,54005
3405,5,2356.12,54017
3406,7,4085.94,54033
3407,9,2689.72,54035
3408,10,5178.29,54041
3409,5,627.93,54066
3410,6,396.8,54075
3411,8,6275.97,54098
3412,5,3469.66,54145
3413,5,9452.14,54158
3414,7,5175.96,54164
3415,12,427.89,54167
3416,6,13011.19,54218
3417,7,4532.14,54233
3418,7,3317.17,54243
3419,8,202.77,54249
3420,12,11933.72,54291
3421,10,5238.33,54302
3422,12,1210.77,54307
3423,10,9284.63,54337
3424,4,2590.55,54372
3425,10,5417.39,54420
3426,8,469.34,54446
3427,5,10743.85,54447
3428,6,3137.22,54497
3429,9,7671.74,54498
3430,8,6107.9,54517
3431,10,11137.52,54530
3432,9,2691.38,54564
3433,7,11266.76,54612
3434,6,6246.7,54645
3435,11,4271.77,54646
3436,12,5213.01,54657
3437,8,337.22,54711
3438,6,7728.89,54746
3439,1,4835.31,54781
3440,8,1806.94,54789
3441,10,7341.74,54793
3442,8,140.16,54794
3443,8,2440.05,54866
3444,8,1834.11,54874
3445,11,3875.43,54904
3446,10,2709.46,54940
3447,8,4839.47,54958
3448,1,5327.71,54997
3449,11,3265.33,55107
3450,6,988.45,55340
3451,8,4583,55350
3452,4,3429.26,55385
3453,7,170.55,55386
3454,10,1255.61,55460
3455,12,8146.38,55494
3456,8,12100.22,55526
3457,7,2987.84,55568
3458,2,8374.41,55610
3459,4,1404.05,55630
3460,6,4923.9,55642
3461,6,6878.55,55671
3462,7,2418.92,55707
3463,12,591.6,55742
3464,6,107.86,55784
3465,4,569.74,55826
3466,6,9144.49,55877
3467,8,5731.42,55919
3468,9,991.13,55922
3469,10,1699.62,55942
3470,8,3381.45,55946
3471,6,896.51,55966
3472,4,621.53,55980
3473,11,2385.9,56016
3474,10,3683.96,56068
3475,7,12400.96,56083
3476,11,7483.94,56089
3477,4,870.7,56257
3478,7,7519.72,56330
3479,10,9528.51,56353
3480,3,581.16,56381
3481,11,14261.64,56398
3482,4,2394,56453
3483,12,4528.13,56473
3484,10,10825.54,56510
3485,12,2122.29,56544
3486,9,7895.94,56627
3487,6,6059.75,56638
3488,1,10669.69,56644
3489,5,6934.25,56702
3490,9,207.34,56744
3491,7,5572.64,56774
3492,7,5248.65,56831
3493,6,6089.1,57027
3494,8,3493.43,57046
3495,10,10491.72,57056
3496,9,7712.79,57057
3497,8,512.73,57069
3498,9,3030.85,57078
3499,8,6875.81,57084
3500,4,2566.93,57165
3501,9,4246.77,57169
3502,12,2656.92,57192
3503,8,9631.25,57262
3504,9,2191.36,57271
3505,8,2092.5,57283
3506,10,4544,57365
3507,7,787.91,57449
3508,3,8288.31,57456
3509,5,707.67,57464
3510,11,788.33,57513
3511,4,1863.42,57650
3512,7,6081.07,57683
3513,5,7423.83,57699
3514,9,8538.94,57755
3515,2,12519.39,57834
3516,5,4897.2,57850
3517,8,33.16,57941
3518,9,1283.17,57982
3519,8,4084.03,57987
3520,4,1019.92,57989
3521,7,1605.35,57991
3522,12,9426.77,58006
3523,7,4512.68,58016
3524,12,3498.47,58096
3525,8,11337.38,58363
3526,4,4874.95,58370
3527,12,4742.27,58427
3528,8,727.27,58524
3529,7,1382.02,58544
3530,12,3285.62,58570
3531,1,8237.99,58579
3532,9,11102.12,58581
3533,1,6475.95,58644
3534,9,1574.63,58720
3535,12,1506.91,58727
3536,4,3771.48,58762
3537,1,1295.14,58815
3538,7,4724.64,58859
3539,7,5428.15,58897
3540,3,3748.82,58972
3541,9,2146.02,58985
3542,10,703.1,59002
3543,5,9961.99,59007
3544,12,6825.32,59113
3545,5,1635.69,59157
3546,7,6860.7,59164
3547,5,3746.59,59191
3548,5,12357.61,59206
3549,10,5035.27,59207
3550,10,2017.35,59233
3551,8,1131.68,59234
3552,11,3157.61,59236
3553,6,4304.83,59285
3554,4,3868.92,59338
3555,4,8652.98,59394
3556,7,8043.63,59409
3557,7,8222.09,59453
3558,4,2918.26,59467
3559,8,3854.94,59502
3560,11,2822.51,59537
3561,7,4590.9,59616
3562,6,11528.91,59667
3563,7,3720.1,59673
3564,11,14961.54,59688
3565,8,205.28,59698
3566,5,5212.53,59699
3567,7,3781.02,59707
3568,5,3517.88,59788
3569,9,2383.78,59792
3570,8,3959.23,59818
3571,5,4118.53,59852
3572,12,2197.37,59860
3573,2,4903.03,59896
3574,11,5705.67,59953
3575,10,313,59955
3576,8,1902.35,59990
3577,6,1035.67,60009
3578,7,558.98,60047
3579,3,3777.81,60082
3580,6,194.02,60156
3581,3,889.81,60217
3582,8,4041.1,60306
3583,11,907.23,60319
3584,1,10723.09,60397
3585,7,4377.92,60401
3586,6,3208.31,60443
3587,7,4353.47,60478
3588,8,15450.33,60508
3589,7,1550.08,60511
3590,8,1558.32,60515
3591,12,959.41,60554
3592,12,2645.39,60652
3593,9,10392.38,60690
3594,11,3844.29,60694
3595,10,7768.06,60717
3596,9,974.14,60754
3597,3,8738.06,60763
3598,9,11521.06,60805
3599,11,9893.97,60823
3600,9,5719.77,60869
3601,8,3446.54,60960
3602,7,1372.12,61092
3603,9,799.87,61226
3604,6,1758.52,61247
3605,10,6579.74,61256
3606,7,7337.18,61260
3607,8,4988.42,61371
3608,6,1205.29,61381
3609,6,8495.59,61387
3610,8,2616.28,61462
3611,12,542.33,61501
3612,6,8494.32,61506
3613,5,1659.43,61515
3614,1,625.71,61516
3615,8,361.69,61541
3616,6,37.06,61570
3617,8,2359.76,61619
3618,4,8614.65,61630
3619,9,1262.56,61708
3620,6,11118.6,61734
3621,1,11003.16,61746
3622,6,9266.2,61754
3623,5,3547.19,61801
3624,9,600.59,61836
3625,3,1832.14,61847
3626,7,3574.52,61913
3627,8,6102.55,62095
3628,8,10557.03,62105
3629,6,5880.14,62112
3630,2,520.01,62185
3631,11,2250.13,62194
3632,8,7427.89,62195
3633,12,116.7,62217
3634,9,897.55,62223
3635,12,1021.7,62270
3636,6,1196.73,62316
3637,4,822.24,62417
3638,6,7404.93,62425
3639,10,370.39,62457
3640,9,650.18,62464
3641,7,6443.62,62467
3642,12,1211.44,62572
3643,3,2059.15,62590
3644,4,2880.42,62601
3645,12,8338.5,62619
3646,11,5659.74,62668
3647,4,11916.28,62686
3648,6,754.17,62689
3649,7,1367.99,62698
3650,3,37.61,62793
3651,10,4647.74,62806
3652,5,3527.1,62853
3653,7,3025.36,62871
3654,8,5780.41,62904
3655,5,9597.91,62908
3656,8,5936.6,62931
3657,5,11504.98,62997
3658,12,1601.49,63050
3659,12,107.32,63060
3660,7,7529.84,63061
3661,7,14373.5,63103
3662,7,4480.01,63168
3663,5,922.54,63175
3664,9,2107.68,63292
3665,7,4514.24,63298
3666,3,5874,63309
3667,4,2869.36,63361
3668,11,3316.75,63369
3669,4,6440.83,63408
3670,3,7951.12,63435
3671,9,8522.95,63444
3672,12,4338.54,63450
3673,4,1374.01,63466
3674,11,2071.9,63564
3675,5,3321.51,63574
3676,7,1074.92,63576
3677,4,3099.34,63607
3678,6,4589.77,63649
3679,6,9154.93,63651
3680,7,2953.94,63664
3681,2,8581.26,63693
3682,5,310.82,63715
3683,12,14934.79,63720
3684,8,2464.86,63723
3685,6,15299.75,63791
3686,6,2286.78,63815
3687,6,7871.71,63894
3688,8,3285.57,63932
3689,7,8717.81,63941
3690,7,685.97,63951
3691,2,10691.73,63956
3692,9,6072.24,63958
3693,3,601.04,64034
3694,9,1476.78,64036
3695,7,447.25,64040
3696,9,2406.77,64096
3697,9,5554.09,64099
3698,7,7729.76,64100
3699,8,804.5,64106
3700,5,458.66,64148
3701,7,4714.38,64227
3702,6,1981.04,64229
3703,10,758.49,64242
3704,6,6820.78,64369
3705,1,862.19,64382
3706,3,2718.3,64453
3707,2,3252.24,64478
3708,7,9832.15,64489
3709,10,2774.93,64612
3710,7,940.92,64664
3711,12,6724.24,64685
3712,8,4470.19,64694
3713,1,4414.62,64701
3714,7,12482.33,64708
3715,11,13322.9,64711
3716,2,517.19,64752
3717,8,646.13,64769
3718,5,4032.5,64784
3719,10,13825.24,64852
3720,12,3123.8,64860
3721,8,1753.43,64880
3722,4,6251.2,64881
3723,3,8206.78,64892
3724,7,860.35,64895
3725,8,4857.04,64996
3726,6,239.74,65003
3727,9,8297.74,65051
3728,10,6948,65070
3729,6,272.11,65095
3730,9,15436.58,65157
3731,11,506.58,65167
3732,5,5302.58,65199
3733,10,1887.8,65277
3734,1,117.63,65372
3735,8,151.33,65400
3736,8,709.58,65537
3737,12,788.7,65565
3738,5,846.79,65612
3739,9,6168.07,65639
3740,8,10749.2,65690
3741,12,174.75,65740
3742,5,2597.55,65754
3743,6,5053.68,65775
3744,7,1837.2,65780
3745,8,4994.81,65801
3746,10,5501.86,65869
3747,4,4489.69,65942
3748,10,5178.45,65957
3749,6,3083.39,65987
3750,9,137.46,65994
3751,3,1897.6,66055
3752,7,2733.2,66070
3753,11,1868.77,66072
3754,8,7092.19,66096
3755,4,3844.43,66101
3756,7,10884.89,66121
3757,2,3992.19,66129
3758,4,273.95,66147
3759,8,311.92,66220
3760,7,2325.03,66268
3761,9,4711.89,66288
3762,2,5706.5,66421
3763,12,6740.24,66423
3764,7,7349.61,66432
3765,5,4269.89,66482
3766,8,90.28,66490
3767,1,112.25,66500
3768,5,7062.35,66521
3769,1,1365.48,66536
3770,7,3838.1,66538
3771,8,830.65,66595
3772,10,2685.18,66632
3773,7,11747.15,66711
3774,4,4522.37,66748
3775,3,2964.54,66776
3776,12,2927.17,66832
3777,7,915.59,66833
3778,9,1587.28,66899
3779,8,6801.09,66927
3780,6,7848.74,66942
3781,8,4953.9,66947
3782,5,7940.82,67003
3783,1,1934.94,67022
3784,3,792.55,67038
3785,3,1183.5,67048
3786,4,436.61,67061
3787,6,81.36,67068
3788,9,2358.4,67106
3789,10,3041.65,67150
3790,3,8001.99,67176
3791,10,4923.98,67179
3792,8,5942.21,67326
3793,8,5990.99,67371
3794,8,2537.71,67398
3795,7,3144.55,67431
3796,9,357.49,67467
3797,8,7689.84,67511
3798,8,1806.04,67516
3799,2,3015.62,67517
3800,8,5305.05,67522
3801,7,7116.84,67524
3802,7,2847.11,67634
3803,4,7110.15,67662
3804,6,7227.5,67685
3805,1,9498.51,67707
3806,7,1427.5,67740
3807,4,5259.68,67773
3808,7,12964.96,67791
3809,8,4957.38,67826
3810,9,1448.87,67889
3811,9,7037.54,67945
3812,7,11478.99,67967
3813,5,12531.19,67996
3814,12,609.91,68001
3815,7,305.45,68022
3816,3,2744.83,68051
3817,7,5465.77,68054
3818,10,12141.95,68072
3819,5,320.66,68099
3820,7,9060.75,68146
3821,1,3703.28,68165
3822,7,12047.21,68173
3823,8,8536.63,68180
3824,8,2843.12,68210
3825,5,13165.66,68264
3826,4,2227.72,68387
3827,7,4580.69,68417
3828,6,7374.34,68446
3829,7,1821.53,68485
3830,8,4095.69,68506
3831,5,2570.13,68524
3832,11,5260.56,68545
3833,7,4561.36,68602
3834,10,3256.1,68609
3835,6,3569.13,68611
3836,5,4098.5,68613
3837,8,9845.28,68710
3838,12,4547.04,68742
3839,5,522.89,68743
3840,7,3574.83,68776
3841,5,4573.74,68877
3842,8,764.03,68898
3843,8,3412.05,68908
3844,9,3182.2,68919
3845,6,1445.96,68929
3846,9,391.78,68948
3847,9,10421.28,68952
3848,8,2230.87,68966
3849,8,1560.76,69037
3850,9,7179.9,69041
3851,12,4245.03,69095
3852,11,37.55,69107
3853,5,3210.44,69128
3854,8,2371.78,69137
3855,8,6756.32,69208
3856,1,250.63,69235
3857,10,5847.42,69256
3858,6,307.85,69268
3859,11,7713.27,69296
3860,5,968.2,69297
3861,3,5772.27,69323
3862,8,16020.97,69329
3863,8,6165.79,69370
3864,1,11204.32,69399
3865,9,356.01,69476
3866,8,1197.49,69500
3867,8,2713.44,69538
3868,8,53.05,69572
3869,9,2870.43,69678
3870,3,2538.22,69710
3871,12,363.97,69731
3872,6,3777.29,69733
3873,8,3955.66,69740
3874,12,8752.47,69742
3875,5,3673.47,69792
3876,9,3455.75,69801
3877,5,8228.53,69826
3878,10,721,69844
3879,9,2823.32,69857
3880,9,6129.43,69876
3881,1,1424.92,69888
3882,11,1014.93,69969
3883,8,8030.08,70014
3884,8,6382.97,70032
3885,8,12377.47,70045
3886,11,15839.54,70051
3887,5,7842.17,70057
3888,7,4941.1,70101
3889,3,1387.7,70137
3890,3,6286.71,70141
3891,4,9817.58,70152
3892,5,3157.14,70178
3893,9,1564.66,70188
3894,11,2033.26,70275
3895,7,3594.28,70278
3896,8,92.96,70291
3897,6,3486.52,70328
3898,4,2977.57,70385
3899,8,806.49,70434
3900,12,3003.94,70449
3901,12,11974.6,70471
3902,10,804.58,70505
3903,8,5527.81,70508
3904,6,1036.7,70515
3905,8,588.09,70546
3906,4,1926.98,70560
3907,12,3654.32,70567
3908,7,4040.81,70590
3909,1,1081.45,70699
3910,5,588.49,70785
3911,12,888.6,70794
3912,8,3753.17,70806
3913,5,8646.18,70814
3914,8,8191.87,70818
3915,4,3248.53,70854
3916,4,4742.33,70855
3917,12,918.88,70896
3918,11,9425,70898
3919,6,12975.77,70907
3920,7,1811.52,70960
3921,4,453.54,70964
3922,5,816.25,70999
3923,9,5347.95,71062
3924,6,6750.74,71064
3925,5,6231.76,71066
3926,7,2037.51,71088
3927,5,3075.44,71107
3928,5,2509.27,71142
3929,12,4310.21,71176
3930,9,259.53,71182
3931,11,3328.76,71230
3932,8,1164.55,71245
3933,5,3477.66,71282
3934,7,2161.72,71291
3935,6,2375.72,71312
3936,9,5428.51,71327
3937,8,6588.84,71371
3938,12,923.72,71425
3939,5,8841.17,71433
3940,12,2525.82,71493
3941,10,1833.97,71512
3942,10,6672.21,71515
3943,8,6434.05,71517
3944,6,4777.38,71518
3945,8,5848.45,71522
3946,10,10552.99,71524
3947,6,3500.14,71581
3948,6,13057.07,71582
3949,2,242.71,71661
3950,8,4348.66,71760
3951,9,6142.73,71775
3952,8,756.5,71846
3953,9,2421.06,71895
3954,7,3909.63,71926
3955,3,730.21,71929
3956,4,4633.09,72004
3957,10,6903.45,72016
3958,12,5552.53,72029
3959,7,5049.4,72031
3960,9,4643.47,72038
3961,6,732.79,72122
3962,10,3095.58,72129
3963,6,481.71,72316
3964,8,781.01,72320
3965,4,720.46,72397
3966,3,2081.44,72419
3967,8,10776.71,72460
3968,4,1482.91,72490
3969,5,8693.8,72679
3970,6,1847.46,72689
3971,12,6936.86,72696
3972,11,4874.13,72777
3973,5,4150.16,72880
3974,10,15466.74,72894
3975,3,928.75,73084
3976,4,1291.99,73105
3977,11,9066.16,73142
3978,4,901.07,73155
3979,7,3669.72,73183
3980,7,2496.3,73187
3981,8,1220.16,73228
3982,11,195.8,73247
3983,8,2209.06,73339
3984,12,8461.43,73342
3985,5,6810.65,73356
3986,7,4082.27,73385
3987,10,2147.52,73412
3988,6,5255.72,73484
3989,6,10140.97,73529
3990,5,3647.35,73563
3991,5,580.63,73572
3992,1,498.96,73601
3993,7,3299.69,73629
3994,4,2196.15,73696
3995,6,1751.39,73729
3996,11,2541.22,73750
3997,9,5996.33,73917
3998,6,4029.26,73952
3999,11,160.35,73958
4000,12,9269.81,73995
4001,3,3117.87,74017
4002,9,5303.66,74039
4003,11,894.67,74047
4004,9,2246.08,74104
4005,7,3252.14,74130
4006,11,5104.01,74168
4007,9,4772.92,74190
4008,6,18185.51,74231
4009,9,9322.24,74233
4010,6,117.96,74244
4011,12,4842.77,74270
4012,12,958.32,74336
4013,9,8310.53,74367
4014,1,6809.66,74382
4015,1,5263.62,74447
4016,5,5498.92,74513
4017,8,6857.47,74521
4018,7,2893.35,74549
4019,12,3395.04,74652
4020,10,2936.57,74695
4021,4,1843.06,74716
4022,3,3005.65,74766
4023,12,982.52,74893
4024,12,7777.56,74923
4025,5,922.5,74927
4026,3,4192.72,74928
4027,10,3308.52,74944
4028,6,3210.09,75017
4029,10,1291.64,75033
4030,6,10862.48,75075
4031,7,3720.51,75080
4032,9,6383.57,75085
4033,4,13534.78,75101
4034,8,653.91,75205
4035,11,7496.69,75237
4036,8,711.55,75243
4037,4,14057.3,75247
4038,10,108.9,75255
4039,8,9381.72,75256
4040,7,4346.39,75260
4041,8,8655.14,75273
4042,2,2748.85,75293
4043,9,1718.22,75303
4044,7,3698.08,75304
4045,8,6743.06,75312
4046,10,3571.52,75319
4047,3,941.29,75323
4048,9,3730.61,75336
4049,5,7622.56,75346
4050,1,830.16,75350
4051,12,4455.91,75353
4052,5,151.03,75354
4053,8,9800.09,75373
4054,1,4798.37,75385
4055,6,7417.24,75394
4056,8,298.27,75410
4057,9,726.02,75430
4058,6,7847.84,75441
4059,9,2590.83,75467
4060,11,12345.83,75473
4061,8,11253.73,75481
4062,3,5336.8,75489
4063,3,6105.28,75491
4064,5,9119.93,75518
4065,6,9622.7,75523
4066,8,797.31,75527
4067,1,1963.04,75560
4068,4,2523.14,75568
4069,6,18033.15,75582
4070,8,3810.98,75592
4071,4,1336.39,75624
4072,11,9527.88,75657
4073,6,4250.45,75658
4074,11,8618.38,75659
4075,3,11283.42,75660
4076,11,1752.98,75664
4077,10,8507.59,75666
4078,8,2961.92,75674
4079,8,6880.17,75675
4080,8,2310.43,75687
4081,5,9036.59,75691
4082,11,1257.61,75692
4083,8,3178.17,75744
4084,8,5604.29,75745
4085,11,13845.13,75762
4086,4,2084.78,75778
4087,6,139.85,75784
4088,4,3327.1,75789
4089,6,12614.02,75793
4090,3,759.09,75795
4091,5,3602.37,75803
4092,10,8210.58,75830
4093,5,33.84,75864
4094,1,13951.23,75865
4095,6,9806.57,75884
4096,6,5507.27,75902
4097,11,1587.12,75942
4098,8,5490.77,75946
4099,12,756.54,75961
4100,12,155.72,75972
4101,6,3211.61,75985
4102,11,4711.18,75995
4103,5,1540.08,76004
4104,4,5536.25,76029
4105,12,14603.71,76054
4106,9,4957.72,76058
4107,1,9226,76070
4108,12,13299.97,76071
4109,9,1454.65,76074
4110,9,1624.46,76085
4111,8,5438.19,76090
4112,9,7831.59,76093
4113,6,3222.42,76112
4114,5,2661.29,76118
4115,5,3027.6,76143
4116,9,2056.69,76153
4117,7,3636.38,76157
4118,7,2510.94,76159
4119,9,10660.34,76171
4120,11,719.88,76174
4121,4,4259.49,76181
4122,10,11215.82,76203
4123,5,8151.97,76245
4124,10,1231.4,76248
4125,12,3496.23,76265
4126,3,15941.77,76276
4127,8,1982.97,76280
4128,2,14444.13,76281
4129,6,2790.78,76302
4130,6,10409.09,76314
4131,5,7699.04,76337
4132,12,3977.57,76342
4133,6,2078.11,76352
4134,3,404.15,76357
4135,10,2768.61,76382
4136,9,5022.97,76389
4137,8,183.19,76399
4138,12,8220.99,76453
4139,1,6529.12,76463
4140,7,2873.05,76464
4141,6,8473.4,76474
4142,6,12351.1,76482
4143,9,3610.64,76520
4144,8,1428.83,76525
4145,11,6385.24,76545
4146,11,560.06,76547
4147,5,330.21,76565
4148,5,113.64,76572
4149,6,3156.82,76584
4150,10,7813.33,76585
4151,10,227,76591
4152,8,2181.45,76617
4153,10,6702.53,76626
4154,4,1054.49,76655
4155,5,2097.73,76667
4156,7,4345.54,76670
4157,5,1000.38,76685
4158,7,656.43,76688
4159,11,585.18,76693
4160,2,2419.27,76698
4161,7,2887.66,76706
4162,8,4292.5,76707
4163,7,11004.4,76708
4164,8,2445.87,76709
4165,6,3598.98,76731
4166,7,815.06,76734
4167,2,1228.69,76739
4168,10,10692.47,76775
4169,10,4082.1,76788
4170,10,68.01,76792
4171,3,4003.89,76795
4172,8,3589.61,76796
4173,4,1084,76801
4174,1,5786.63,76824
4175,4,4567.38,76830
4176,3,863.46,76833
4177,5,4209.79,76846
4178,10,595.01,76923
4179,1,2987.94,76928
4180,6,5616.24,76941
4181,10,6040.42,76951
4182,12,155.87,76961
4183,7,2108.32,76968
4184,8,1915.52,77009
4185,10,6874.76,77020
4186,7,5112.17,77038
4187,6,572.24,77039
4188,6,1837.06,77048
4189,5,1963.85,77053
4190,5,1645.74,77060
4191,12,4406.22,77075
4192,10,307.19,77079
4193,6,4376.64,77108
4194,8,3993.19,77109
4195,9,1638.22,77126
4196,12,174.71,77141
4197,12,10429.7,77200
4198,6,247.46,77212
4199,8,3123.6,77213
4200,11,5485.63,77234
4201,7,3416.78,77243
4202,6,972.72,77257
4203,10,4104.11,77259
4204,8,3462.39,77269
4205,3,4448.67,77301
4206,8,8612.26,77317
4207,11,1575.49,77326
4208,10,7584.84,77342
4209,8,1893.86,77345
4210,9,579.54,77346
4211,4,520.02,77350
4212,12,8142.36,77365
4213,5,5243.92,77368
4214,9,629.18,77382
4215,12,641.58,77393
4216,10,6383.34,77397
4217,10,1335.64,77405
4218,4,2095.26,77427
4219,7,1562.77,77446
4220,11,8224.47,77456
4221,7,5410.21,77480
4222,7,4668.4,77488
4223,12,999.47,77519
4224,5,5148.54,77522
4225,8,10233.18,77537
4226,7,5235.53,77549
4227,6,570.51,77577
4228,8,195.23,77584
4229,5,971.54,77601
4230,5,3152.34,77613
4231,3,11277.41,77621
4232,8,4168.98,77660
4233,4,3413.01,77661
4234,12,817.57,77679
4235,12,314.84,77721
4236,12,1052.95,77759
4237,8,389.33,77792
4238,8,9063.71,77794
4239,12,653.16,77800
4240,5,2965.91,77806
4241,12,2966.55,77816
4242,10,658.04,77840
4243,4,5135.76,77860
4244,4,8416.66,77893
4245,9,893.33,77899
4246,3,64.93,77935
4247,6,8070.01,77939
4248,8,7676.38,77966
4249,8,198.61,77968
4250,2,371.77,77969
4251,2,219.83,77971
4252,8,2856.52,77977
4253,9,1359.33,77978
4254,6,4507.43,78006
4255,7,1833.48,78046
4256,6,3879.88,78052
4257,8,6883.63,78068
4258,8,282.21,78080
4259,8,2018.73,78116
4260,10,8759.87,78119
4261,9,12501.68,78120
4262,7,12643.56,78153
4263,10,3529.36,78158
4264,10,6985.47,78164
4265,9,1919.76,78177
4266,9,1995.11,78186
4267,8,586.14,78189
4268,2,2055.24,78192
4269,10,3032.2,78202
4270,12,674.32,78214
4271,8,7033.88,78221
4272,8,654.44,78238
4273,8,2452.46,78246
4274,6,5691.88,78276
4275,10,2046.01,78287
4276,7,5554.67,78296
4277,8,11143.7,78315
4278,5,9321.53,78338
4279,6,277.86,78353
4280,3,1945.3,78382
4281,7,1002.14,78400
4282,8,2913.57,78404
4283,3,4246.79,78410
4284,6,2117.85,78421
4285,7,1055.57,78434
4286,7,6369.41,78447
4287,7,7337.99,78448
4288,12,10734.51,78453
4289,5,4461.03,78471
4290,3,10032.54,78542
4291,5,1448.17,78547
4292,7,8366.51,78549
4293,5,1186.89,78586
4294,5,3612.34,78587
4295,9,1830.26,78592
4296,6,2767.42,78627
4297,8,10572.36,78635
4298,9,243.28,78642
4299,8,141.11,78644
4300,3,935.57,78647
4301,12,11639.89,78649
4302,7,3260.92,78676
4303,10,703.12,78696
4304,11,546.21,78698
4305,6,6228.87,78715
4306,4,5908.13,78757
4307,8,1385.44,78761
4308,7,12395.84,78787
4309,11,6637.29,78803
4310,11,2384.81,78815
4311,1,9748.97,78817
4312,5,353.4,78828
4313,12,9093.25,78832
4314,7,5409.33,78866
4315,7,9154.81,78871
4316,8,9857.53,78872
4317,1,4368.19,78878
4318,5,12182.1,78895
4319,12,3416.96,78905
4320,8,3849.16,78930
4321,8,302.59,78933
4322,9,6659.97,78934
4323,5,8524.53,78949
4324,10,1540.1,78985
4325,11,12952.53,78989
4326,11,5109.18,78998
4327,8,3360.68,79003
4328,9,1975.89,79005
4329,12,1324.91,79006
4330,1,9775.6,79019
4331,9,929.85,79021
4332,12,52.97,79049
4333,11,2084.94,79051
4334,6,2624.94,79061
4335,7,7406.59,79086
4336,10,2076.23,79087
4337,6,5468,79091
4338,9,6942.08,79101
4339,12,152.96,79103
4340,6,3390.87,79114
4341,6,5087.67,79115
4342,9,2801.37,79124
4343,1,8157.54,79153
4344,8,1046.45,79156
4345,8,4848.5,79191
4346,8,8046.52,79215
4347,2,192.47,79217
4348,3,4980.2,79218
4349,11,13436.7,79255
4350,6,5321.54,79262
4351,5,3971.31,79298
4352,10,480.83,79319
4353,8,6563.77,79325
4354,7,3194.68,79327
4355,12,4606.32,79337
4356,3,9071.9,79354
4357,9,3631.01,79362
4358,5,8002.62,79391
4359,4,1048.5,79403
4360,8,4215.22,79411
4361,10,3155.1,79431
4362,10,1006.23,79439
4363,8,5229.7,79477
4364,2,2828.55,79487
4365,7,18129.65,79488
4366,7,7239.5,79497
4367,1,4844.81,79504
4368,11,9422.47,79518
4369,6,5485.78,79521
4370,10,4262.23,79540
4371,9,2220.09,79541
4372,8,252.23,79554
4373,4,12246.6,79555
4374,3,1785.53,79559
4375,11,8155.54,79569
4376,8,1671.48,79571
4377,8,11162.51,79572
4378,7,1118.71,79583
4379,4,8832.57,79590
4380,11,8079.27,79597
4381,8,2065.71,79602
4382,6,9471.55,79618
4383,11,13196.33,79626
4384,12,673.84,79642
4385,4,3632,79666
4386,7,770.07,79668
4387,2,3843.34,79677
4388,11,2861.17,79685
4389,9,3963.19,79701
4390,12,7676,79712
4391,10,8138.76,79729
4392,5,377.66,79739
4393,7,4415.82,79762
4394,8,9800.6,79785
4395,7,3974.38,79793
4396,3,813.1,79794
4397,2,7476.79,79796
4398,8,211.41,79813
4399,9,3885.88,79823
4400,11,3339.44,79825
4401,9,6953.36,79888
4402,6,4477.77,79892
4403,6,4655.82,79894
4404,8,4650.16,79898
4405,7,3488.81,79900
4406,7,4508.37,79911
4407,11,416.25,79954
4408,6,3759.54,79955
4409,9,1103.05,79957
4410,12,4578.87,79967
4411,7,3545.8,79969
4412,11,3030.31,79975
4413,6,1012.97,79985
4414,10,5665.6,79989
4415,7,348.14,80007
4416,6,603.16,80013
4417,6,936.28,80023
4418,5,4044.21,80028
4419,4,5076.63,80031
4420,10,16829,80036
4421,3,5532.47,80048
4422,3,5713.04,80074
4423,8,2679.97,80081
4424,12,3782.61,80084
4425,5,8081.87,80091
4426,4,911.19,80101
4427,8,13086.16,80112
4428,8,1483.43,80128
4429,8,4853.9,80129
4430,7,6146.84,80160
4431,7,7798.86,80179
4432,11,3054.98,80182
4433,10,4116.97,80213
4434,1,9158.37,80238
4435,7,11578.33,80241
4436,8,1530.46,80268
4437,4,5711.29,80288
4438,8,7842.63,80297
4439,11,5201.76,80318
4440,9,51.5,80323
4441,8,2183.88,80338
4442,7,3971.7,80342
4443,3,8917.96,80352
4444,4,1852.35,80359
4445,5,3595.76,80364
4446,10,2536.71,80367
4447,5,7854.65,80377
4448,11,7882.09,80395
4449,11,1878.02,80396
4450,12,12806.63,80398
4451,8,562.21,80402
4452,9,393.94,80416
4453,9,5402.29,80437
4454,7,10298.54,80440
4455,10,8303.52,80451
4456,7,3368.36,80486
4457,9,530.89,80490
4458,7,5646.29,80492
4459,12,204.41,80494
4460,9,507.99,80500
4461,10,2313.32,80511
4462,7,692.44,80553
4463,8,4956.64,80556
4464,6,674.7,80571
4465,4,6805.75,80613
4466,8,2316.08,80616
4467,10,11147.81,80618
4468,6,4468.92,80620
4469,10,2887,80649
4470,11,12861.39,80655
4471,5,2596.75,80672
4472,7,734.26,80690
4473,9,455.82,80698
4474,10,6012.28,80716
4475,12,67.97,80731
4476,8,672.34,80749
4477,8,491.59,80801
4478,4,6593.96,80806
4479,9,4063.08,80819
4480,9,1176.45,80825
4481,3,6193.09,80830
4482,11,3479.45,80843
4483,10,4077.73,80845
4484,7,10214.65,80860
4485,12,7264.12,80863
4486,8,533.68,80864
4487,8,4536.07,80883
4488,6,3462.89,80885
4489,7,10405.32,80908
4490,8,4709.59,80937
4491,11,3521.33,80962
4492,8,3356.41,80973
4493,8,4651.26,80979
4494,5,9501.65,80983
4495,8,4034.01,81005
4496,10,8115.5,81026
4497,10,171.13,81032
4498,7,5715.36,81039
4499,4,1030.01,81042
4500,11,7478.09,81044
4501,7,5685.5,81057
4502,10,12026.84,81077
4503,5,5840.41,81081
4504,5,9500.62,81085
4505,5,2768.03,81111
4506,9,1697.27,81113
4507,12,12227.63,81126
4508,8,656.19,81209
4509,7,2591.4,81218
4510,11,6263.19,81227
4511,9,4037.65,81234
4512,4,9600.33,81236
4513,8,809.1,81239
4514,6,729.39,81249
4515,4,567.86,81258
4516,6,3277,81271
4517,10,1141.07,81272
4518,10,801.74,81287
4519,8,731.11,81292
4520,11,1966.28,81293
4521,12,8033.37,81302
4522,8,1225.73,81357
4523,12,1458.36,81361
4524,9,2245.25,81392
4525,5,5880.34,81403
4526,1,2706.81,81414
4527,5,3533.02,81425
4528,9,3990.49,81477
4529,11,695.5,81488
4530,4,10014.82,81489
4531,1,4222.05,81510
4532,10,7993.92,81541
4533,8,5540.34,81557
4534,6,1739.16,81558
4535,7,1709.43,81563
4536,7,1919.55,81581
4537,5,5357.73,81598
4538,8,9279.27,81603
4539,3,10357.38,81608
4540,10,7185.46,81609
4541,5,3444.77,81619
4542,4,6409.42,81634
4543,10,1540.09,81664
4544,9,4616.37,81669
4545,8,4864.79,81685
4546,5,3762.58,81754
4547,4,950.17,81759
4548,5,15738.35,81767
4549,5,1572.71,81801
4550,5,8701.05,81808
4551,4,3762.03,81821
4552,5,7032.42,81855
4553,7,7636.26,81865
4554,5,5791.88,81888
4555,9,7285.31,81898
4556,10,5409.32,81904
4557,5,4945.08,81905
4558,7,5517.09,81916
4559,8,1626.49,81931
4560,8,1795.44,81952
4561,8,8941.95,81966
4562,11,2098.86,81973
4563,8,6248.47,82004
4564,11,4664.65,82009
4565,9,9283.75,82015
4566,11,90.33,82018
4567,10,5688.27,82041
4568,5,5071.32,82053
4569,12,7252.35,82077
4570,8,5194.61,82080
4571,8,6387.85,82081
4572,7,1754.89,82087
4573,6,1960.19,82091
4574,12,941.86,82110
4575,7,14322.88,82113
4576,9,131.99,82119
4577,1,3052.72,82124
4578,6,3979.33,82151
4579,4,1941.25,82210
4580,9,1614.08,82220
4581,10,7591.55,82230
4582,2,2770.88,82231
4583,6,15352.7,82234
4584,11,1003.25,82241
4585,6,1139.23,82250
4586,9,5209.2,82261
4587,3,6521.9,82269
4588,11,8821.44,82271
4589,10,7954.33,82289
4590,7,3773.69,82320
4591,1,2874.25,82359
4592,5,699.72,82360
4593,5,4245.4,82361
4594,8,3021.34,82366
4595,4,3612.5,82374
4596,8,10759.71,82385
4597,9,3620.1,82397
4598,9,895.41,82403
4599,12,4685.73,82415
4600,11,7005.71,82417
4601,8,7392.78,82433
4602,7,3280.42,82461
4603,3,11830.36,82499
4604,7,8181.24,82507
4605,2,8029.93,82521
4606,12,5293.39,82529
4607,2,5472.65,82541
4608,7,4018.31,82566
4609,5,446.07,82567
4610,12,2561.85,82579
4611,9,3882.17,82583
4612,8,4906.56,82586
4613,10,5039.98,82604
4614,10,7486.93,82620
4615,11,3495.45,82624
4616,5,10611.89,82636
4617,10,2215.31,82706
4618,3,594.51,82734
4619,12,1366.55,82746
4620,8,6663.94,82755
4621,12,424.26,82769
4622,8,406.02,82773
4623,2,4299.38,82791
4624,10,4924.71,82801
4625,1,5345.46,82819
4626,9,3390.21,82830
4627,6,9311.01,82833
4628,4,4753.28,82841
4629,12,2166.47,82842
4630,6,1386.94,82856
4631,8,4033.53,82858
4632,10,9421.02,82861
4633,12,966.72,82869
4634,10,6740.08,82876
4635,5,1229.93,82877
4636,7,1910.73,82884
4637,5,9642.76,82890
4638,7,11239.99,82991
4639,4,1824.88,82995
4640,12,356.91,83009
4641,5,3433.11,83016
4642,5,4877.95,83032
4643,4,272.89,83051
4644,1,1381.29,83078
4645,2,6218.25,83110
4646,6,1392.15,83119
4647,12,8698.32,83121
4648,8,1934.55,83161
4649,9,2478.24,83171
4650,11,1487.54,83195
4651,8,4664.98,83204
4652,12,9810.51,83220
4653,9,3885.45,83224
4654,9,1737.58,83257
4655,7,6803.34,83272
4656,12,3696.56,83289
4657,6,5251.91,83298
4658,10,4632.03,83318
4659,2,3008.86,83321
4660,12,6788.04,83337
4661,2,4685.42,83338
4662,6,13310.4,83349
4663,8,3423.91,83351
4664,2,1198.38,83355
4665,11,5030.07,83424
4666,12,10775.72,83426
4667,12,1433.6,83443
4668,9,11076.67,83444
4669,9,3580.12,83456
4670,5,5247.2,83476
4671,7,15426.44,83491
4672,12,6694.56,83494
4673,7,10792.54,83496
4674,7,1798.99,83497
4675,12,6933.98,83503
4676,6,4445.58,83523
4677,1,699.33,83531
4678,8,502.75,83548
4679,11,5081.9,83556
4680,4,3344.17,83566
4681,9,4235.74,83570
4682,5,3180.26,83578
4683,5,3126.68,83588
4684,12,929.21,83595
4685,5,10509.63,83604
4686,4,7504.65,83605
4687,12,6955.43,83609
4688,8,1843.69,83611
4689,2,8654.89,83618
4690,8,8235.69,83660
4691,2,401.02,83670
4692,10,1911.86,83671
4693,7,9696.95,83680
4694,2,8044.63,83688
4695,9,4537.46,83699
4696,5,8212.75,83701
4697,6,3854.41,83704
4698,5,1900.74,83722
4699,7,4042.17,83739
4700,8,2936.67,83777
4701,7,3353.85,83787
4702,10,6330.85,83794
4703,5,5556.96,83798
4704,4,2234.83,83801
4705,10,2079.59,83803
4706,5,3533.26,83805
4707,11,7296.48,83813
4708,6,9880.11,83819
4709,7,9081.44,83847
4710,7,7913.01,83848
4711,6,592.91,83864
4712,7,1965.17,83865
4713,6,1088.8,83879
4714,8,5752.47,83901
4715,11,1739.56,83902
4716,4,11693.64,83907
4717,12,5250.94,83909
4718,12,550.82,83912
4719,6,7480.17,83915
4720,8,4314.51,83934
4721,6,8382.81,83938
4722,8,11338.62,83956
4723,12,5944.72,83962
4724,7,4392.61,83989
4725,5,1888.11,84005
4726,10,5022.66,84025
4727,6,811.56,84076
4728,12,1285.24,84079
4729,11,620.56,84089
4730,5,1574.47,84093
4731,6,5872.21,84099
4732,8,647.51,84113
4733,9,2658.96,84127
4734,10,7547.81,84138
4735,12,1209.34,84140
4736,7,5732.14,84145
4737,7,3681.55,84154
4738,7,1304.68,84172
4739,12,8416.63,84175
4740,10,5308.28,84182
4741,11,693.04,84197
4742,8,952.18,84199
4743,10,5491.61,84209
4744,11,59.74,84224
4745,11,179.11,84277
4746,9,4322.24,84290
4747,9,4558.88,84301
4748,6,656.02,84302
4749,8,6720.07,84311
4750,3,462.44,84315
4751,10,478.69,84317
4752,5,9940.25,84341
4753,4,7139.17,84344
4754,2,5562.77,84369
4755,6,8695.61,84383
4756,8,690.13,84386
4757,8,8381.47,84392
4758,5,3566.82,84410
4759,4,15134.05,84414
4760,5,6661.78,84419
4761,12,1211.02,84446
4762,12,3884.34,84466
4763,6,3433.95,84468
4764,1,245.12,84488
4765,4,4023.68,84526
4766,8,1187.6,84542
4767,3,8951.2,84559
4768,9,12797.9,84565
4769,8,7698.44,84566
4770,11,9026.63,84581
4771,6,3639.57,84587
4772,5,12058.22,84604
4773,11,2864.06,84608
4774,10,827.77,84611
4775,12,7072.37,84629
4776,7,471.17,84631
4777,8,4485.9,84636
4778,4,7545.57,84668
4779,3,505.39,84680
4780,12,9268.3,84690
4781,11,7850.38,84698
4782,7,5488.89,84700
4783,11,2483.65,84713
4784,8,4601.11,84727
4785,11,1354.47,84728
4786,1,15201.21,84748
4787,9,8473.81,84768
4788,11,3330.24,84773
4789,12,4716.17,84825
4790,9,1003.33,84856
4791,11,61.77,84858
4792,6,2194.81,84869
4793,10,6795.88,84885
4794,4,622.73,84894
4795,12,935.95,84903
4796,9,2215,84920
4797,5,816.51,84924
4798,9,165.33,84930
4799,8,2546.21,84932
4800,1,851.72,84936
4801,10,2933.28,84942
4802,7,6289.22,84948
4803,5,2180.64,84952
4804,4,3320,84954
4805,9,2283.49,84956
4806,2,6068.79,84973
4807,6,919.59,84981
4808,4,694.6,84987
4809,9,2748.99,84995
4810,6,4263.32,85013
4811,9,6446.91,85017
4812,9,862.25,85022
4813,9,5211.97,85031
4814,8,6435.56,85032
4815,11,5407.15,85054
4816,11,868.95,85071
4817,11,2299,85075
4818,10,1178.79,85079
4819,11,3982.77,85088
4820,12,776.72,85093
4821,11,4839.81,85111
4822,2,3902.49,85113
4823,7,202.62,85124
4824,9,48.82,85125
4825,7,5332.72,85130
4826,5,700.01,85150
4827,8,121.11,85162
4828,10,8218.15,85191
4829,12,2894.15,85215
4830,12,5383.15,85231
4831,10,15161.31,85254
4832,8,11035.31,85255
4833,11,3122.58,85257
4834,9,462.04,85258
4835,9,2386.5,85271
4836,8,2028.63,85289
4837,9,965.53,85294
4838,11,729.29,85311
4839,10,14179.23,85336
4840,1,4138.67,85342
4841,3,3459.45,85392
4842,5,6178.2,85393
4843,12,10206.17,85404
4844,9,13615.07,85413
4845,5,5500.39,85438
4846,9,2714.48,85448
4847,8,1191.26,85449
4848,11,11409.69,85456
4849,10,309.45,85462
4850,1,6993.07,85469
4851,9,2333.2,85473
4852,10,3352.17,85481
4853,12,4105.52,85483
